<?xml version="1.0" encoding="UTF-8" ?>
<!-- This is a WordPress eXtended RSS file generated by WordPress as an export of your site. -->
<!-- It contains information about your site's posts, pages, comments, categories, and other content. -->
<!-- You may use this file to transfer that content from one site to another. -->
<!-- This file is not intended to serve as a complete backup of your site. -->

<!-- To import this information into a WordPress site follow these steps: -->
<!-- 1. Log in to that site as an administrator. -->
<!-- 2. Go to Tools: Import in the WordPress admin panel. -->
<!-- 3. Install the "WordPress" importer from the list. -->
<!-- 4. Activate & Run Importer. -->
<!-- 5. Upload this file using the form provided on that page. -->
<!-- 6. You will first be asked to map the authors in this export file to users -->
<!--    on the site. For each author, you may choose to map to an -->
<!--    existing user on the site or to create a new user. -->
<!-- 7. WordPress will then import each of the posts, pages, comments, categories, etc. -->
<!--    contained in this file into your site. -->

<!-- generator="WordPress/4.4.2" created="2016-02-06 10:43" -->
<rss version="2.0"
	xmlns:excerpt="http://wordpress.org/export/1.2/excerpt/"
	xmlns:content="http://purl.org/rss/1.0/modules/content/"
	xmlns:wfw="http://wellformedweb.org/CommentAPI/"
	xmlns:dc="http://purl.org/dc/elements/1.1/"
	xmlns:wp="http://wordpress.org/export/1.2/"
>

<channel>
	<title>Benchmark</title>
	<link>http://labs.saurabh-sharma.net/themes/benchmark</link>
	<description>Just another WordPress site</description>
	<pubDate>Sat, 06 Feb 2016 10:43:37 +0000</pubDate>
	<language>en-US</language>
	<wp:wxr_version>1.2</wp:wxr_version>
	<wp:base_site_url>http://labs.saurabh-sharma.net/themes/benchmark</wp:base_site_url>
	<wp:base_blog_url>http://labs.saurabh-sharma.net/themes/benchmark</wp:base_blog_url>

	<wp:author><wp:author_id>1</wp:author_id><wp:author_login><![CDATA[admin]]></wp:author_login><wp:author_email><![CDATA[saagar_1982@yahoo.com]]></wp:author_email><wp:author_display_name><![CDATA[admin]]></wp:author_display_name><wp:author_first_name><![CDATA[]]></wp:author_first_name><wp:author_last_name><![CDATA[]]></wp:author_last_name></wp:author>


	<generator>https://wordpress.org/?v=4.4.2</generator>

<image>
	<url>http://labs.saurabh-sharma.net/themes/benchmark/wp-content/uploads/2016/01/cropped-favicon-32x32.png</url>
	<title>Benchmark</title>
	<link>http://labs.saurabh-sharma.net/themes/benchmark</link>
	<width>32</width>
	<height>32</height>
</image> 

	<item>
		<title>Contact form 1</title>
		<link>http://labs.saurabh-sharma.net/themes/benchmark/?post_type=wpcf7_contact_form&#038;p=4</link>
		<pubDate>Fri, 29 Jan 2016 07:59:07 +0000</pubDate>
		<dc:creator><![CDATA[admin]]></dc:creator>
		<guid isPermaLink="false">http://labs.saurabh-sharma.net/themes/benchmark/?post_type=wpcf7_contact_form&#038;p=4</guid>
		<description></description>
		<content:encoded><![CDATA[<p>Your Name (required)<br />
    [text* your-name] </p>

<p>Your Email (required)<br />
    [email* your-email] </p>

<p>Subject<br />
    [text your-subject] </p>

<p>Your Message<br />
    [textarea your-message] </p>

<p>[submit "Send"]</p>
[your-subject]
[your-name] <wordpress@labs.saurabh-sharma.net>
From: [your-name] <[your-email]>
Subject: [your-subject]

Message Body:
[your-message]

--
This e-mail was sent from a contact form on Benchmark (http://labs.saurabh-sharma.net/themes/benchmark)
saagar_1982@yahoo.com
Reply-To: [your-email]

0
0

[your-subject]
Benchmark <wordpress@labs.saurabh-sharma.net>
Message Body:
[your-message]

--
This e-mail was sent from a contact form on Benchmark (http://labs.saurabh-sharma.net/themes/benchmark)
[your-email]
Reply-To: saagar_1982@yahoo.com

0
0
Your message was sent successfully. Thanks.
Failed to send your message. Please try later or contact the administrator by another method.
Validation errors occurred. Please confirm the fields and submit it again.
Failed to send your message. Please try later or contact the administrator by another method.
Please accept the terms to proceed.
Please fill in the required field.
This input is too long.
This input is too short.]]></content:encoded>
		<excerpt:encoded><![CDATA[]]></excerpt:encoded>
		<wp:post_id>4</wp:post_id>
		<wp:post_date><![CDATA[2016-01-29 07:59:07]]></wp:post_date>
		<wp:post_date_gmt><![CDATA[2016-01-29 07:59:07]]></wp:post_date_gmt>
		<wp:comment_status><![CDATA[closed]]></wp:comment_status>
		<wp:ping_status><![CDATA[closed]]></wp:ping_status>
		<wp:post_name><![CDATA[contact-form-1]]></wp:post_name>
		<wp:status><![CDATA[publish]]></wp:status>
		<wp:post_parent>0</wp:post_parent>
		<wp:menu_order>0</wp:menu_order>
		<wp:post_type><![CDATA[wpcf7_contact_form]]></wp:post_type>
		<wp:post_password><![CDATA[]]></wp:post_password>
		<wp:is_sticky>0</wp:is_sticky>
		<wp:postmeta>
			<wp:meta_key><![CDATA[_form]]></wp:meta_key>
			<wp:meta_value><![CDATA[<p>Your Name (required)<br />
    [text* your-name] </p>

<p>Your Email (required)<br />
    [email* your-email] </p>

<p>Subject<br />
    [text your-subject] </p>

<p>Your Message<br />
    [textarea your-message] </p>

<p>[submit "Send"]</p>]]></wp:meta_value>
		</wp:postmeta>
		<wp:postmeta>
			<wp:meta_key><![CDATA[_mail]]></wp:meta_key>
			<wp:meta_value><![CDATA[a:8:{s:7:"subject";s:14:"[your-subject]";s:6:"sender";s:47:"[your-name] <wordpress@labs.saurabh-sharma.net>";s:4:"body";s:194:"From: [your-name] <[your-email]>
Subject: [your-subject]

Message Body:
[your-message]

--
This e-mail was sent from a contact form on Benchmark (http://labs.saurabh-sharma.net/themes/benchmark)";s:9:"recipient";s:21:"saagar_1982@yahoo.com";s:18:"additional_headers";s:22:"Reply-To: [your-email]";s:11:"attachments";s:0:"";s:8:"use_html";i:0;s:13:"exclude_blank";i:0;}]]></wp:meta_value>
		</wp:postmeta>
		<wp:postmeta>
			<wp:meta_key><![CDATA[_mail_2]]></wp:meta_key>
			<wp:meta_value><![CDATA[a:9:{s:6:"active";b:0;s:7:"subject";s:14:"[your-subject]";s:6:"sender";s:45:"Benchmark <wordpress@labs.saurabh-sharma.net>";s:4:"body";s:136:"Message Body:
[your-message]

--
This e-mail was sent from a contact form on Benchmark (http://labs.saurabh-sharma.net/themes/benchmark)";s:9:"recipient";s:12:"[your-email]";s:18:"additional_headers";s:31:"Reply-To: saagar_1982@yahoo.com";s:11:"attachments";s:0:"";s:8:"use_html";i:0;s:13:"exclude_blank";i:0;}]]></wp:meta_value>
		</wp:postmeta>
		<wp:postmeta>
			<wp:meta_key><![CDATA[_messages]]></wp:meta_key>
			<wp:meta_value><![CDATA[a:8:{s:12:"mail_sent_ok";s:43:"Your message was sent successfully. Thanks.";s:12:"mail_sent_ng";s:93:"Failed to send your message. Please try later or contact the administrator by another method.";s:16:"validation_error";s:74:"Validation errors occurred. Please confirm the fields and submit it again.";s:4:"spam";s:93:"Failed to send your message. Please try later or contact the administrator by another method.";s:12:"accept_terms";s:35:"Please accept the terms to proceed.";s:16:"invalid_required";s:34:"Please fill in the required field.";s:16:"invalid_too_long";s:23:"This input is too long.";s:17:"invalid_too_short";s:24:"This input is too short.";}]]></wp:meta_value>
		</wp:postmeta>
		<wp:postmeta>
			<wp:meta_key><![CDATA[_additional_settings]]></wp:meta_key>
			<wp:meta_value><![CDATA[]]></wp:meta_value>
		</wp:postmeta>
		<wp:postmeta>
			<wp:meta_key><![CDATA[_locale]]></wp:meta_key>
			<wp:meta_value><![CDATA[en_US]]></wp:meta_value>
		</wp:postmeta>
	</item>
	<item>
		<title>lead-gen-form</title>
		<link>http://labs.saurabh-sharma.net/themes/benchmark/?post_type=wpcf7_contact_form&#038;p=16</link>
		<pubDate>Fri, 29 Jan 2016 10:06:50 +0000</pubDate>
		<dc:creator><![CDATA[admin]]></dc:creator>
		<guid isPermaLink="false">http://labs.saurabh-sharma.net/themes/benchmark/?post_type=wpcf7_contact_form&#038;p=16</guid>
		<description></description>
		<content:encoded><![CDATA[[response]

[text* name placeholder "Your name"]

[email email placeholder "Your email"]

[tel phone placeholder "Your phone"]

[select* education first_as_label "Your Education" "Secondary" "Sr. Secondary" "Graduate" "Post Graduate" "None"]

[checkbox checkbox-301 "Notify me about new offers and packages"]

[submit class:btn class:btn-alt class:btn-medium class:btn-block "Register Now"]
New lead has been generated
[name] <wordpress@labs.saurabh-sharma.net>
From: [name] <[email]>
Subject: Subscription request from [name]

Message Body:
Name: [name]

Email: [email]

Telephone: [phone]

Education: [education]

[checkbox-301]

--
This e-mail was sent from a contact form on Benchmark (http://labs.saurabh-sharma.net/themes/benchmark)
saagar_1982@yahoo.com
Reply-To: [email]




[your-subject]
Benchmark <wordpress@labs.saurabh-sharma.net>
Message Body:
[your-message]

--
This e-mail was sent from a contact form on Benchmark (http://labs.saurabh-sharma.net/themes/benchmark)
[your-email]
Reply-To: saagar_1982@yahoo.com



Thank you for subscribing with us.
Failed to send your message. Please try later or contact the administrator by another method.
Validation errors occurred. Please confirm the fields and submit it again.
Failed to send your message. Please try later or contact the administrator by another method.
Please accept the terms to proceed.
Please fill in the required field.
This input is too long.
This input is too short.
Date format seems invalid.
This date is too early.
This date is too late.
Failed to upload file.
This file type is not allowed.
This file is too large.
Failed to upload file. Error occurred.
Number format seems invalid.
This number is too small.
This number is too large.
Your answer is not correct.
Your entered code is incorrect.
Email address seems invalid.
URL seems invalid.
Telephone number seems invalid.]]></content:encoded>
		<excerpt:encoded><![CDATA[]]></excerpt:encoded>
		<wp:post_id>16</wp:post_id>
		<wp:post_date><![CDATA[2016-01-29 10:06:50]]></wp:post_date>
		<wp:post_date_gmt><![CDATA[2016-01-29 10:06:50]]></wp:post_date_gmt>
		<wp:comment_status><![CDATA[closed]]></wp:comment_status>
		<wp:ping_status><![CDATA[closed]]></wp:ping_status>
		<wp:post_name><![CDATA[lead-gen-form]]></wp:post_name>
		<wp:status><![CDATA[publish]]></wp:status>
		<wp:post_parent>0</wp:post_parent>
		<wp:menu_order>0</wp:menu_order>
		<wp:post_type><![CDATA[wpcf7_contact_form]]></wp:post_type>
		<wp:post_password><![CDATA[]]></wp:post_password>
		<wp:is_sticky>0</wp:is_sticky>
		<wp:postmeta>
			<wp:meta_key><![CDATA[_form]]></wp:meta_key>
			<wp:meta_value><![CDATA[[response]

[text* name placeholder "Your name"]

[email email placeholder "Your email"]

[tel phone placeholder "Your phone"]

[select* education first_as_label "Your Education" "Secondary" "Sr. Secondary" "Graduate" "Post Graduate" "None"]

[checkbox checkbox-301 "Notify me about new offers and packages"]

[submit class:btn class:btn-alt class:btn-medium class:btn-block "Register Now"]]]></wp:meta_value>
		</wp:postmeta>
		<wp:postmeta>
			<wp:meta_key><![CDATA[_mail]]></wp:meta_key>
			<wp:meta_value><![CDATA[a:8:{s:7:"subject";s:27:"New lead has been generated";s:6:"sender";s:42:"[name] <wordpress@labs.saurabh-sharma.net>";s:4:"body";s:276:"From: [name] <[email]>
Subject: Subscription request from [name]

Message Body:
Name: [name]

Email: [email]

Telephone: [phone]

Education: [education]

[checkbox-301]

--
This e-mail was sent from a contact form on Benchmark (http://labs.saurabh-sharma.net/themes/benchmark)";s:9:"recipient";s:21:"saagar_1982@yahoo.com";s:18:"additional_headers";s:17:"Reply-To: [email]";s:11:"attachments";s:0:"";s:8:"use_html";b:0;s:13:"exclude_blank";b:0;}]]></wp:meta_value>
		</wp:postmeta>
		<wp:postmeta>
			<wp:meta_key><![CDATA[_mail_2]]></wp:meta_key>
			<wp:meta_value><![CDATA[a:9:{s:6:"active";b:0;s:7:"subject";s:14:"[your-subject]";s:6:"sender";s:45:"Benchmark <wordpress@labs.saurabh-sharma.net>";s:4:"body";s:136:"Message Body:
[your-message]

--
This e-mail was sent from a contact form on Benchmark (http://labs.saurabh-sharma.net/themes/benchmark)";s:9:"recipient";s:12:"[your-email]";s:18:"additional_headers";s:31:"Reply-To: saagar_1982@yahoo.com";s:11:"attachments";s:0:"";s:8:"use_html";b:0;s:13:"exclude_blank";b:0;}]]></wp:meta_value>
		</wp:postmeta>
		<wp:postmeta>
			<wp:meta_key><![CDATA[_messages]]></wp:meta_key>
			<wp:meta_value><![CDATA[a:23:{s:12:"mail_sent_ok";s:34:"Thank you for subscribing with us.";s:12:"mail_sent_ng";s:93:"Failed to send your message. Please try later or contact the administrator by another method.";s:16:"validation_error";s:74:"Validation errors occurred. Please confirm the fields and submit it again.";s:4:"spam";s:93:"Failed to send your message. Please try later or contact the administrator by another method.";s:12:"accept_terms";s:35:"Please accept the terms to proceed.";s:16:"invalid_required";s:34:"Please fill in the required field.";s:16:"invalid_too_long";s:23:"This input is too long.";s:17:"invalid_too_short";s:24:"This input is too short.";s:12:"invalid_date";s:26:"Date format seems invalid.";s:14:"date_too_early";s:23:"This date is too early.";s:13:"date_too_late";s:22:"This date is too late.";s:13:"upload_failed";s:22:"Failed to upload file.";s:24:"upload_file_type_invalid";s:30:"This file type is not allowed.";s:21:"upload_file_too_large";s:23:"This file is too large.";s:23:"upload_failed_php_error";s:38:"Failed to upload file. Error occurred.";s:14:"invalid_number";s:28:"Number format seems invalid.";s:16:"number_too_small";s:25:"This number is too small.";s:16:"number_too_large";s:25:"This number is too large.";s:23:"quiz_answer_not_correct";s:27:"Your answer is not correct.";s:17:"captcha_not_match";s:31:"Your entered code is incorrect.";s:13:"invalid_email";s:28:"Email address seems invalid.";s:11:"invalid_url";s:18:"URL seems invalid.";s:11:"invalid_tel";s:31:"Telephone number seems invalid.";}]]></wp:meta_value>
		</wp:postmeta>
		<wp:postmeta>
			<wp:meta_key><![CDATA[_additional_settings]]></wp:meta_key>
			<wp:meta_value><![CDATA[]]></wp:meta_value>
		</wp:postmeta>
		<wp:postmeta>
			<wp:meta_key><![CDATA[_locale]]></wp:meta_key>
			<wp:meta_value><![CDATA[en_US]]></wp:meta_value>
		</wp:postmeta>
	</item>
	<item>
		<title>contact page</title>
		<link>http://labs.saurabh-sharma.net/themes/benchmark/?post_type=wpcf7_contact_form&#038;p=64</link>
		<pubDate>Sat, 30 Jan 2016 11:24:16 +0000</pubDate>
		<dc:creator><![CDATA[admin]]></dc:creator>
		<guid isPermaLink="false">http://labs.saurabh-sharma.net/themes/benchmark/?post_type=wpcf7_contact_form&#038;p=64</guid>
		<description></description>
		<content:encoded><![CDATA[<p>[text* text-595 placeholder "Name"]</p>

<p>[email* email-924 placeholder "Email"]</p>

<p>[text text-595 placeholder "Subject"]</p>

<p>[textarea* textarea-920 x6 placeholder "Your message"]</p>

[submit class:ss-btn class:btn-blue "Send message"]
[your-subject]
[your-name] <wordpress@labs.saurabh-sharma.net>
From: [your-name] <[your-email]>
Subject: [your-subject]

Message Body:
[your-message]

--
This e-mail was sent from a contact form on Benchmark (http://labs.saurabh-sharma.net/themes/benchmark)
saagar_1982@yahoo.com
Reply-To: [your-email]




[your-subject]
Benchmark <wordpress@labs.saurabh-sharma.net>
Message Body:
[your-message]

--
This e-mail was sent from a contact form on Benchmark (http://labs.saurabh-sharma.net/themes/benchmark)
[your-email]
Reply-To: saagar_1982@yahoo.com



Your message was sent successfully. Thanks.
Failed to send your message. Please try later or contact the administrator by another method.
Validation errors occurred. Please confirm the fields and submit it again.
Failed to send your message. Please try later or contact the administrator by another method.
Please accept the terms to proceed.
Please fill in the required field.
This input is too long.
This input is too short.
Date format seems invalid.
This date is too early.
This date is too late.
Failed to upload file.
This file type is not allowed.
This file is too large.
Failed to upload file. Error occurred.
Number format seems invalid.
This number is too small.
This number is too large.
Your answer is not correct.
Your entered code is incorrect.
Email address seems invalid.
URL seems invalid.
Telephone number seems invalid.]]></content:encoded>
		<excerpt:encoded><![CDATA[]]></excerpt:encoded>
		<wp:post_id>64</wp:post_id>
		<wp:post_date><![CDATA[2016-01-30 11:24:16]]></wp:post_date>
		<wp:post_date_gmt><![CDATA[2016-01-30 11:24:16]]></wp:post_date_gmt>
		<wp:comment_status><![CDATA[closed]]></wp:comment_status>
		<wp:ping_status><![CDATA[closed]]></wp:ping_status>
		<wp:post_name><![CDATA[untitled]]></wp:post_name>
		<wp:status><![CDATA[publish]]></wp:status>
		<wp:post_parent>0</wp:post_parent>
		<wp:menu_order>0</wp:menu_order>
		<wp:post_type><![CDATA[wpcf7_contact_form]]></wp:post_type>
		<wp:post_password><![CDATA[]]></wp:post_password>
		<wp:is_sticky>0</wp:is_sticky>
		<wp:postmeta>
			<wp:meta_key><![CDATA[_form]]></wp:meta_key>
			<wp:meta_value><![CDATA[<p>[text* text-595 placeholder "Name"]</p>

<p>[email* email-924 placeholder "Email"]</p>

<p>[text text-595 placeholder "Subject"]</p>

<p>[textarea* textarea-920 x6 placeholder "Your message"]</p>

[submit class:ss-btn class:btn-blue "Send message"]]]></wp:meta_value>
		</wp:postmeta>
		<wp:postmeta>
			<wp:meta_key><![CDATA[_mail]]></wp:meta_key>
			<wp:meta_value><![CDATA[a:8:{s:7:"subject";s:14:"[your-subject]";s:6:"sender";s:47:"[your-name] <wordpress@labs.saurabh-sharma.net>";s:4:"body";s:194:"From: [your-name] <[your-email]>
Subject: [your-subject]

Message Body:
[your-message]

--
This e-mail was sent from a contact form on Benchmark (http://labs.saurabh-sharma.net/themes/benchmark)";s:9:"recipient";s:21:"saagar_1982@yahoo.com";s:18:"additional_headers";s:22:"Reply-To: [your-email]";s:11:"attachments";s:0:"";s:8:"use_html";b:0;s:13:"exclude_blank";b:0;}]]></wp:meta_value>
		</wp:postmeta>
		<wp:postmeta>
			<wp:meta_key><![CDATA[_mail_2]]></wp:meta_key>
			<wp:meta_value><![CDATA[a:9:{s:6:"active";b:0;s:7:"subject";s:14:"[your-subject]";s:6:"sender";s:45:"Benchmark <wordpress@labs.saurabh-sharma.net>";s:4:"body";s:136:"Message Body:
[your-message]

--
This e-mail was sent from a contact form on Benchmark (http://labs.saurabh-sharma.net/themes/benchmark)";s:9:"recipient";s:12:"[your-email]";s:18:"additional_headers";s:31:"Reply-To: saagar_1982@yahoo.com";s:11:"attachments";s:0:"";s:8:"use_html";b:0;s:13:"exclude_blank";b:0;}]]></wp:meta_value>
		</wp:postmeta>
		<wp:postmeta>
			<wp:meta_key><![CDATA[_messages]]></wp:meta_key>
			<wp:meta_value><![CDATA[a:23:{s:12:"mail_sent_ok";s:43:"Your message was sent successfully. Thanks.";s:12:"mail_sent_ng";s:93:"Failed to send your message. Please try later or contact the administrator by another method.";s:16:"validation_error";s:74:"Validation errors occurred. Please confirm the fields and submit it again.";s:4:"spam";s:93:"Failed to send your message. Please try later or contact the administrator by another method.";s:12:"accept_terms";s:35:"Please accept the terms to proceed.";s:16:"invalid_required";s:34:"Please fill in the required field.";s:16:"invalid_too_long";s:23:"This input is too long.";s:17:"invalid_too_short";s:24:"This input is too short.";s:12:"invalid_date";s:26:"Date format seems invalid.";s:14:"date_too_early";s:23:"This date is too early.";s:13:"date_too_late";s:22:"This date is too late.";s:13:"upload_failed";s:22:"Failed to upload file.";s:24:"upload_file_type_invalid";s:30:"This file type is not allowed.";s:21:"upload_file_too_large";s:23:"This file is too large.";s:23:"upload_failed_php_error";s:38:"Failed to upload file. Error occurred.";s:14:"invalid_number";s:28:"Number format seems invalid.";s:16:"number_too_small";s:25:"This number is too small.";s:16:"number_too_large";s:25:"This number is too large.";s:23:"quiz_answer_not_correct";s:27:"Your answer is not correct.";s:17:"captcha_not_match";s:31:"Your entered code is incorrect.";s:13:"invalid_email";s:28:"Email address seems invalid.";s:11:"invalid_url";s:18:"URL seems invalid.";s:11:"invalid_tel";s:31:"Telephone number seems invalid.";}]]></wp:meta_value>
		</wp:postmeta>
		<wp:postmeta>
			<wp:meta_key><![CDATA[_additional_settings]]></wp:meta_key>
			<wp:meta_value><![CDATA[]]></wp:meta_value>
		</wp:postmeta>
		<wp:postmeta>
			<wp:meta_key><![CDATA[_locale]]></wp:meta_key>
			<wp:meta_value><![CDATA[en_US]]></wp:meta_value>
		</wp:postmeta>
	</item>
	<item>
		<title>lead-small</title>
		<link>http://labs.saurabh-sharma.net/themes/benchmark/?post_type=wpcf7_contact_form&#038;p=76</link>
		<pubDate>Sun, 31 Jan 2016 12:01:51 +0000</pubDate>
		<dc:creator><![CDATA[admin]]></dc:creator>
		<guid isPermaLink="false">http://labs.saurabh-sharma.net/themes/benchmark/?post_type=wpcf7_contact_form&#038;p=76</guid>
		<description></description>
		<content:encoded><![CDATA[[text* name placeholder "Your name"]

[email email placeholder "Your email"]

[submit class:btn class:btn-alt class:btn-lg class:btn-block "Register Now"]
[your-subject]
[your-name] <wordpress@labs.saurabh-sharma.net>
From: [your-name] <[your-email]>
Subject: [your-subject]

Message Body:
[your-message]

--
This e-mail was sent from a contact form on Benchmark (http://labs.saurabh-sharma.net/themes/benchmark)
saagar_1982@yahoo.com
Reply-To: [your-email]




[your-subject]
Benchmark <wordpress@labs.saurabh-sharma.net>
Message Body:
[your-message]

--
This e-mail was sent from a contact form on Benchmark (http://labs.saurabh-sharma.net/themes/benchmark)
[your-email]
Reply-To: saagar_1982@yahoo.com



Your message was sent successfully. Thanks.
Failed to send your message. Please try later or contact the administrator by another method.
Validation errors occurred. Please confirm the fields and submit it again.
Failed to send your message. Please try later or contact the administrator by another method.
Please accept the terms to proceed.
Please fill in the required field.
This input is too long.
This input is too short.
Date format seems invalid.
This date is too early.
This date is too late.
Failed to upload file.
This file type is not allowed.
This file is too large.
Failed to upload file. Error occurred.
Number format seems invalid.
This number is too small.
This number is too large.
Your answer is not correct.
Your entered code is incorrect.
Email address seems invalid.
URL seems invalid.
Telephone number seems invalid.]]></content:encoded>
		<excerpt:encoded><![CDATA[]]></excerpt:encoded>
		<wp:post_id>76</wp:post_id>
		<wp:post_date><![CDATA[2016-01-31 12:01:51]]></wp:post_date>
		<wp:post_date_gmt><![CDATA[2016-01-31 12:01:51]]></wp:post_date_gmt>
		<wp:comment_status><![CDATA[closed]]></wp:comment_status>
		<wp:ping_status><![CDATA[closed]]></wp:ping_status>
		<wp:post_name><![CDATA[lead-small]]></wp:post_name>
		<wp:status><![CDATA[publish]]></wp:status>
		<wp:post_parent>0</wp:post_parent>
		<wp:menu_order>0</wp:menu_order>
		<wp:post_type><![CDATA[wpcf7_contact_form]]></wp:post_type>
		<wp:post_password><![CDATA[]]></wp:post_password>
		<wp:is_sticky>0</wp:is_sticky>
		<wp:postmeta>
			<wp:meta_key><![CDATA[_form]]></wp:meta_key>
			<wp:meta_value><![CDATA[[text* name placeholder "Your name"]

[email email placeholder "Your email"]

[submit class:btn class:btn-alt class:btn-lg class:btn-block "Register Now"]]]></wp:meta_value>
		</wp:postmeta>
		<wp:postmeta>
			<wp:meta_key><![CDATA[_mail]]></wp:meta_key>
			<wp:meta_value><![CDATA[a:8:{s:7:"subject";s:14:"[your-subject]";s:6:"sender";s:47:"[your-name] <wordpress@labs.saurabh-sharma.net>";s:4:"body";s:194:"From: [your-name] <[your-email]>
Subject: [your-subject]

Message Body:
[your-message]

--
This e-mail was sent from a contact form on Benchmark (http://labs.saurabh-sharma.net/themes/benchmark)";s:9:"recipient";s:21:"saagar_1982@yahoo.com";s:18:"additional_headers";s:22:"Reply-To: [your-email]";s:11:"attachments";s:0:"";s:8:"use_html";b:0;s:13:"exclude_blank";b:0;}]]></wp:meta_value>
		</wp:postmeta>
		<wp:postmeta>
			<wp:meta_key><![CDATA[_mail_2]]></wp:meta_key>
			<wp:meta_value><![CDATA[a:9:{s:6:"active";b:0;s:7:"subject";s:14:"[your-subject]";s:6:"sender";s:45:"Benchmark <wordpress@labs.saurabh-sharma.net>";s:4:"body";s:136:"Message Body:
[your-message]

--
This e-mail was sent from a contact form on Benchmark (http://labs.saurabh-sharma.net/themes/benchmark)";s:9:"recipient";s:12:"[your-email]";s:18:"additional_headers";s:31:"Reply-To: saagar_1982@yahoo.com";s:11:"attachments";s:0:"";s:8:"use_html";b:0;s:13:"exclude_blank";b:0;}]]></wp:meta_value>
		</wp:postmeta>
		<wp:postmeta>
			<wp:meta_key><![CDATA[_messages]]></wp:meta_key>
			<wp:meta_value><![CDATA[a:23:{s:12:"mail_sent_ok";s:43:"Your message was sent successfully. Thanks.";s:12:"mail_sent_ng";s:93:"Failed to send your message. Please try later or contact the administrator by another method.";s:16:"validation_error";s:74:"Validation errors occurred. Please confirm the fields and submit it again.";s:4:"spam";s:93:"Failed to send your message. Please try later or contact the administrator by another method.";s:12:"accept_terms";s:35:"Please accept the terms to proceed.";s:16:"invalid_required";s:34:"Please fill in the required field.";s:16:"invalid_too_long";s:23:"This input is too long.";s:17:"invalid_too_short";s:24:"This input is too short.";s:12:"invalid_date";s:26:"Date format seems invalid.";s:14:"date_too_early";s:23:"This date is too early.";s:13:"date_too_late";s:22:"This date is too late.";s:13:"upload_failed";s:22:"Failed to upload file.";s:24:"upload_file_type_invalid";s:30:"This file type is not allowed.";s:21:"upload_file_too_large";s:23:"This file is too large.";s:23:"upload_failed_php_error";s:38:"Failed to upload file. Error occurred.";s:14:"invalid_number";s:28:"Number format seems invalid.";s:16:"number_too_small";s:25:"This number is too small.";s:16:"number_too_large";s:25:"This number is too large.";s:23:"quiz_answer_not_correct";s:27:"Your answer is not correct.";s:17:"captcha_not_match";s:31:"Your entered code is incorrect.";s:13:"invalid_email";s:28:"Email address seems invalid.";s:11:"invalid_url";s:18:"URL seems invalid.";s:11:"invalid_tel";s:31:"Telephone number seems invalid.";}]]></wp:meta_value>
		</wp:postmeta>
		<wp:postmeta>
			<wp:meta_key><![CDATA[_additional_settings]]></wp:meta_key>
			<wp:meta_value><![CDATA[]]></wp:meta_value>
		</wp:postmeta>
		<wp:postmeta>
			<wp:meta_key><![CDATA[_locale]]></wp:meta_key>
			<wp:meta_value><![CDATA[en_US]]></wp:meta_value>
		</wp:postmeta>
	</item>
	<item>
		<title>horiz-email</title>
		<link>http://labs.saurabh-sharma.net/themes/benchmark/?post_type=wpcf7_contact_form&#038;p=77</link>
		<pubDate>Sun, 31 Jan 2016 12:02:43 +0000</pubDate>
		<dc:creator><![CDATA[admin]]></dc:creator>
		<guid isPermaLink="false">http://labs.saurabh-sharma.net/themes/benchmark/?post_type=wpcf7_contact_form&#038;p=77</guid>
		<description></description>
		<content:encoded><![CDATA[<div class="row clearfix">
   
<div class="ss-col col-md-8">

[email* email-438 class:expand-100 class:no-margin placeholder "Your email"]

</div>

<div class="ss-col col-md-4">

[submit class:btn class:btn-blue class:btn-lg class:btn-block class:no-margin "Register Now"]

</div>

</div>
[your-subject]
[your-name] <wordpress@labs.saurabh-sharma.net>
From: [your-name] <[your-email]>
Subject: [your-subject]

Message Body:
[your-message]

--
This e-mail was sent from a contact form on Benchmark (http://labs.saurabh-sharma.net/themes/benchmark)
saagar_1982@yahoo.com
Reply-To: [your-email]




[your-subject]
Benchmark <wordpress@labs.saurabh-sharma.net>
Message Body:
[your-message]

--
This e-mail was sent from a contact form on Benchmark (http://labs.saurabh-sharma.net/themes/benchmark)
[your-email]
Reply-To: saagar_1982@yahoo.com



Your message was sent successfully. Thanks.
Failed to send your message. Please try later or contact the administrator by another method.
Validation errors occurred. Please confirm the fields and submit it again.
Failed to send your message. Please try later or contact the administrator by another method.
Please accept the terms to proceed.
Please fill in the required field.
This input is too long.
This input is too short.
Date format seems invalid.
This date is too early.
This date is too late.
Failed to upload file.
This file type is not allowed.
This file is too large.
Failed to upload file. Error occurred.
Number format seems invalid.
This number is too small.
This number is too large.
Your answer is not correct.
Your entered code is incorrect.
Email address seems invalid.
URL seems invalid.
Telephone number seems invalid.]]></content:encoded>
		<excerpt:encoded><![CDATA[]]></excerpt:encoded>
		<wp:post_id>77</wp:post_id>
		<wp:post_date><![CDATA[2016-01-31 12:02:43]]></wp:post_date>
		<wp:post_date_gmt><![CDATA[2016-01-31 12:02:43]]></wp:post_date_gmt>
		<wp:comment_status><![CDATA[closed]]></wp:comment_status>
		<wp:ping_status><![CDATA[closed]]></wp:ping_status>
		<wp:post_name><![CDATA[horiz-email]]></wp:post_name>
		<wp:status><![CDATA[publish]]></wp:status>
		<wp:post_parent>0</wp:post_parent>
		<wp:menu_order>0</wp:menu_order>
		<wp:post_type><![CDATA[wpcf7_contact_form]]></wp:post_type>
		<wp:post_password><![CDATA[]]></wp:post_password>
		<wp:is_sticky>0</wp:is_sticky>
		<wp:postmeta>
			<wp:meta_key><![CDATA[_form]]></wp:meta_key>
			<wp:meta_value><![CDATA[<div class="row clearfix">
   
<div class="ss-col col-md-8">

[email* email-438 class:expand-100 class:no-margin placeholder "Your email"]

</div>

<div class="ss-col col-md-4">

[submit class:btn class:btn-blue class:btn-lg class:btn-block class:no-margin "Register Now"]

</div>

</div>]]></wp:meta_value>
		</wp:postmeta>
		<wp:postmeta>
			<wp:meta_key><![CDATA[_mail]]></wp:meta_key>
			<wp:meta_value><![CDATA[a:8:{s:7:"subject";s:14:"[your-subject]";s:6:"sender";s:47:"[your-name] <wordpress@labs.saurabh-sharma.net>";s:4:"body";s:194:"From: [your-name] <[your-email]>
Subject: [your-subject]

Message Body:
[your-message]

--
This e-mail was sent from a contact form on Benchmark (http://labs.saurabh-sharma.net/themes/benchmark)";s:9:"recipient";s:21:"saagar_1982@yahoo.com";s:18:"additional_headers";s:22:"Reply-To: [your-email]";s:11:"attachments";s:0:"";s:8:"use_html";b:0;s:13:"exclude_blank";b:0;}]]></wp:meta_value>
		</wp:postmeta>
		<wp:postmeta>
			<wp:meta_key><![CDATA[_mail_2]]></wp:meta_key>
			<wp:meta_value><![CDATA[a:9:{s:6:"active";b:0;s:7:"subject";s:14:"[your-subject]";s:6:"sender";s:45:"Benchmark <wordpress@labs.saurabh-sharma.net>";s:4:"body";s:136:"Message Body:
[your-message]

--
This e-mail was sent from a contact form on Benchmark (http://labs.saurabh-sharma.net/themes/benchmark)";s:9:"recipient";s:12:"[your-email]";s:18:"additional_headers";s:31:"Reply-To: saagar_1982@yahoo.com";s:11:"attachments";s:0:"";s:8:"use_html";b:0;s:13:"exclude_blank";b:0;}]]></wp:meta_value>
		</wp:postmeta>
		<wp:postmeta>
			<wp:meta_key><![CDATA[_messages]]></wp:meta_key>
			<wp:meta_value><![CDATA[a:23:{s:12:"mail_sent_ok";s:43:"Your message was sent successfully. Thanks.";s:12:"mail_sent_ng";s:93:"Failed to send your message. Please try later or contact the administrator by another method.";s:16:"validation_error";s:74:"Validation errors occurred. Please confirm the fields and submit it again.";s:4:"spam";s:93:"Failed to send your message. Please try later or contact the administrator by another method.";s:12:"accept_terms";s:35:"Please accept the terms to proceed.";s:16:"invalid_required";s:34:"Please fill in the required field.";s:16:"invalid_too_long";s:23:"This input is too long.";s:17:"invalid_too_short";s:24:"This input is too short.";s:12:"invalid_date";s:26:"Date format seems invalid.";s:14:"date_too_early";s:23:"This date is too early.";s:13:"date_too_late";s:22:"This date is too late.";s:13:"upload_failed";s:22:"Failed to upload file.";s:24:"upload_file_type_invalid";s:30:"This file type is not allowed.";s:21:"upload_file_too_large";s:23:"This file is too large.";s:23:"upload_failed_php_error";s:38:"Failed to upload file. Error occurred.";s:14:"invalid_number";s:28:"Number format seems invalid.";s:16:"number_too_small";s:25:"This number is too small.";s:16:"number_too_large";s:25:"This number is too large.";s:23:"quiz_answer_not_correct";s:27:"Your answer is not correct.";s:17:"captcha_not_match";s:31:"Your entered code is incorrect.";s:13:"invalid_email";s:28:"Email address seems invalid.";s:11:"invalid_url";s:18:"URL seems invalid.";s:11:"invalid_tel";s:31:"Telephone number seems invalid.";}]]></wp:meta_value>
		</wp:postmeta>
		<wp:postmeta>
			<wp:meta_key><![CDATA[_additional_settings]]></wp:meta_key>
			<wp:meta_value><![CDATA[]]></wp:meta_value>
		</wp:postmeta>
		<wp:postmeta>
			<wp:meta_key><![CDATA[_locale]]></wp:meta_key>
			<wp:meta_value><![CDATA[en_US]]></wp:meta_value>
		</wp:postmeta>
	</item>
	<item>
		<title>horiz-name-email</title>
		<link>http://labs.saurabh-sharma.net/themes/benchmark/?post_type=wpcf7_contact_form&#038;p=78</link>
		<pubDate>Sun, 31 Jan 2016 12:03:22 +0000</pubDate>
		<dc:creator><![CDATA[admin]]></dc:creator>
		<guid isPermaLink="false">http://labs.saurabh-sharma.net/themes/benchmark/?post_type=wpcf7_contact_form&#038;p=78</guid>
		<description></description>
		<content:encoded><![CDATA[<div class="row clearfix">
   
<div class="ss-col col-md-4">

[text* text-338 placeholder "Your name"]

</div>

<div class="ss-col col-md-4">

[email* email-438 placeholder "Your email"]

</div>

<div class="ss-col col-md-4">

[submit class:btn class:btn-blue class:btn-lg class:btn-block class:no-margin "Register Now"]

</div>

</div>
[your-subject]
[your-name] <wordpress@labs.saurabh-sharma.net>
From: [your-name] <[your-email]>
Subject: [your-subject]

Message Body:
[your-message]

--
This e-mail was sent from a contact form on Benchmark (http://labs.saurabh-sharma.net/themes/benchmark)
saagar_1982@yahoo.com
Reply-To: [your-email]




[your-subject]
Benchmark <wordpress@labs.saurabh-sharma.net>
Message Body:
[your-message]

--
This e-mail was sent from a contact form on Benchmark (http://labs.saurabh-sharma.net/themes/benchmark)
[your-email]
Reply-To: saagar_1982@yahoo.com



Your message was sent successfully. Thanks.
Failed to send your message. Please try later or contact the administrator by another method.
Validation errors occurred. Please confirm the fields and submit it again.
Failed to send your message. Please try later or contact the administrator by another method.
Please accept the terms to proceed.
Please fill in the required field.
This input is too long.
This input is too short.
Date format seems invalid.
This date is too early.
This date is too late.
Failed to upload file.
This file type is not allowed.
This file is too large.
Failed to upload file. Error occurred.
Number format seems invalid.
This number is too small.
This number is too large.
Your answer is not correct.
Your entered code is incorrect.
Email address seems invalid.
URL seems invalid.
Telephone number seems invalid.]]></content:encoded>
		<excerpt:encoded><![CDATA[]]></excerpt:encoded>
		<wp:post_id>78</wp:post_id>
		<wp:post_date><![CDATA[2016-01-31 12:03:22]]></wp:post_date>
		<wp:post_date_gmt><![CDATA[2016-01-31 12:03:22]]></wp:post_date_gmt>
		<wp:comment_status><![CDATA[closed]]></wp:comment_status>
		<wp:ping_status><![CDATA[closed]]></wp:ping_status>
		<wp:post_name><![CDATA[horiz-name-email]]></wp:post_name>
		<wp:status><![CDATA[publish]]></wp:status>
		<wp:post_parent>0</wp:post_parent>
		<wp:menu_order>0</wp:menu_order>
		<wp:post_type><![CDATA[wpcf7_contact_form]]></wp:post_type>
		<wp:post_password><![CDATA[]]></wp:post_password>
		<wp:is_sticky>0</wp:is_sticky>
		<wp:postmeta>
			<wp:meta_key><![CDATA[_form]]></wp:meta_key>
			<wp:meta_value><![CDATA[<div class="row clearfix">
   
<div class="ss-col col-md-4">

[text* text-338 placeholder "Your name"]

</div>

<div class="ss-col col-md-4">

[email* email-438 placeholder "Your email"]

</div>

<div class="ss-col col-md-4">

[submit class:btn class:btn-blue class:btn-lg class:btn-block class:no-margin "Register Now"]

</div>

</div>]]></wp:meta_value>
		</wp:postmeta>
		<wp:postmeta>
			<wp:meta_key><![CDATA[_mail]]></wp:meta_key>
			<wp:meta_value><![CDATA[a:8:{s:7:"subject";s:14:"[your-subject]";s:6:"sender";s:47:"[your-name] <wordpress@labs.saurabh-sharma.net>";s:4:"body";s:194:"From: [your-name] <[your-email]>
Subject: [your-subject]

Message Body:
[your-message]

--
This e-mail was sent from a contact form on Benchmark (http://labs.saurabh-sharma.net/themes/benchmark)";s:9:"recipient";s:21:"saagar_1982@yahoo.com";s:18:"additional_headers";s:22:"Reply-To: [your-email]";s:11:"attachments";s:0:"";s:8:"use_html";b:0;s:13:"exclude_blank";b:0;}]]></wp:meta_value>
		</wp:postmeta>
		<wp:postmeta>
			<wp:meta_key><![CDATA[_mail_2]]></wp:meta_key>
			<wp:meta_value><![CDATA[a:9:{s:6:"active";b:0;s:7:"subject";s:14:"[your-subject]";s:6:"sender";s:45:"Benchmark <wordpress@labs.saurabh-sharma.net>";s:4:"body";s:136:"Message Body:
[your-message]

--
This e-mail was sent from a contact form on Benchmark (http://labs.saurabh-sharma.net/themes/benchmark)";s:9:"recipient";s:12:"[your-email]";s:18:"additional_headers";s:31:"Reply-To: saagar_1982@yahoo.com";s:11:"attachments";s:0:"";s:8:"use_html";b:0;s:13:"exclude_blank";b:0;}]]></wp:meta_value>
		</wp:postmeta>
		<wp:postmeta>
			<wp:meta_key><![CDATA[_messages]]></wp:meta_key>
			<wp:meta_value><![CDATA[a:23:{s:12:"mail_sent_ok";s:43:"Your message was sent successfully. Thanks.";s:12:"mail_sent_ng";s:93:"Failed to send your message. Please try later or contact the administrator by another method.";s:16:"validation_error";s:74:"Validation errors occurred. Please confirm the fields and submit it again.";s:4:"spam";s:93:"Failed to send your message. Please try later or contact the administrator by another method.";s:12:"accept_terms";s:35:"Please accept the terms to proceed.";s:16:"invalid_required";s:34:"Please fill in the required field.";s:16:"invalid_too_long";s:23:"This input is too long.";s:17:"invalid_too_short";s:24:"This input is too short.";s:12:"invalid_date";s:26:"Date format seems invalid.";s:14:"date_too_early";s:23:"This date is too early.";s:13:"date_too_late";s:22:"This date is too late.";s:13:"upload_failed";s:22:"Failed to upload file.";s:24:"upload_file_type_invalid";s:30:"This file type is not allowed.";s:21:"upload_file_too_large";s:23:"This file is too large.";s:23:"upload_failed_php_error";s:38:"Failed to upload file. Error occurred.";s:14:"invalid_number";s:28:"Number format seems invalid.";s:16:"number_too_small";s:25:"This number is too small.";s:16:"number_too_large";s:25:"This number is too large.";s:23:"quiz_answer_not_correct";s:27:"Your answer is not correct.";s:17:"captcha_not_match";s:31:"Your entered code is incorrect.";s:13:"invalid_email";s:28:"Email address seems invalid.";s:11:"invalid_url";s:18:"URL seems invalid.";s:11:"invalid_tel";s:31:"Telephone number seems invalid.";}]]></wp:meta_value>
		</wp:postmeta>
		<wp:postmeta>
			<wp:meta_key><![CDATA[_additional_settings]]></wp:meta_key>
			<wp:meta_value><![CDATA[]]></wp:meta_value>
		</wp:postmeta>
		<wp:postmeta>
			<wp:meta_key><![CDATA[_locale]]></wp:meta_key>
			<wp:meta_value><![CDATA[en_US]]></wp:meta_value>
		</wp:postmeta>
	</item>
	<item>
		<title>full-width-form-multiple</title>
		<link>http://labs.saurabh-sharma.net/themes/benchmark/?post_type=wpcf7_contact_form&#038;p=79</link>
		<pubDate>Sun, 31 Jan 2016 12:04:21 +0000</pubDate>
		<dc:creator><![CDATA[admin]]></dc:creator>
		<guid isPermaLink="false">http://labs.saurabh-sharma.net/themes/benchmark/?post_type=wpcf7_contact_form&#038;p=79</guid>
		<description></description>
		<content:encoded><![CDATA[<div class="row clearfix">
   
<div class="ss-col col-md-6">

[text* text-338 placeholder "Your name"]

</div>

<div class="ss-col col-md-6">

[email* email-438 placeholder "Your email"]

</div>

<div class="ss-col col-md-6">

[tel* tel-189 placeholder "Your Phone"]

</div>

<div class="ss-col col-md-6">

[select* menu-441 "Secondary" "Sr. Secondary" "Graduate" "Post Graduate" "None"]

</div>

<div class="ss-col col-md-12">

[submit class:btn class:btn-blue class:btn-medium class:btn-block class:no-margin "Register Now"]

</div>

</div>
[your-subject]
[your-name] <wordpress@labs.saurabh-sharma.net>
From: [your-name] <[your-email]>
Subject: [your-subject]

Message Body:
[your-message]

--
This e-mail was sent from a contact form on Benchmark (http://labs.saurabh-sharma.net/themes/benchmark)
saagar_1982@yahoo.com
Reply-To: [your-email]




[your-subject]
Benchmark <wordpress@labs.saurabh-sharma.net>
Message Body:
[your-message]

--
This e-mail was sent from a contact form on Benchmark (http://labs.saurabh-sharma.net/themes/benchmark)
[your-email]
Reply-To: saagar_1982@yahoo.com



Your message was sent successfully. Thanks.
Failed to send your message. Please try later or contact the administrator by another method.
Validation errors occurred. Please confirm the fields and submit it again.
Failed to send your message. Please try later or contact the administrator by another method.
Please accept the terms to proceed.
Please fill in the required field.
This input is too long.
This input is too short.
Date format seems invalid.
This date is too early.
This date is too late.
Failed to upload file.
This file type is not allowed.
This file is too large.
Failed to upload file. Error occurred.
Number format seems invalid.
This number is too small.
This number is too large.
Your answer is not correct.
Your entered code is incorrect.
Email address seems invalid.
URL seems invalid.
Telephone number seems invalid.]]></content:encoded>
		<excerpt:encoded><![CDATA[]]></excerpt:encoded>
		<wp:post_id>79</wp:post_id>
		<wp:post_date><![CDATA[2016-01-31 12:04:21]]></wp:post_date>
		<wp:post_date_gmt><![CDATA[2016-01-31 12:04:21]]></wp:post_date_gmt>
		<wp:comment_status><![CDATA[closed]]></wp:comment_status>
		<wp:ping_status><![CDATA[closed]]></wp:ping_status>
		<wp:post_name><![CDATA[full-width-form-multiple]]></wp:post_name>
		<wp:status><![CDATA[publish]]></wp:status>
		<wp:post_parent>0</wp:post_parent>
		<wp:menu_order>0</wp:menu_order>
		<wp:post_type><![CDATA[wpcf7_contact_form]]></wp:post_type>
		<wp:post_password><![CDATA[]]></wp:post_password>
		<wp:is_sticky>0</wp:is_sticky>
		<wp:postmeta>
			<wp:meta_key><![CDATA[_form]]></wp:meta_key>
			<wp:meta_value><![CDATA[<div class="row clearfix">
   
<div class="ss-col col-md-6">

[text* text-338 placeholder "Your name"]

</div>

<div class="ss-col col-md-6">

[email* email-438 placeholder "Your email"]

</div>

<div class="ss-col col-md-6">

[tel* tel-189 placeholder "Your Phone"]

</div>

<div class="ss-col col-md-6">

[select* menu-441 "Secondary" "Sr. Secondary" "Graduate" "Post Graduate" "None"]

</div>

<div class="ss-col col-md-12">

[submit class:btn class:btn-blue class:btn-medium class:btn-block class:no-margin "Register Now"]

</div>

</div>]]></wp:meta_value>
		</wp:postmeta>
		<wp:postmeta>
			<wp:meta_key><![CDATA[_mail]]></wp:meta_key>
			<wp:meta_value><![CDATA[a:8:{s:7:"subject";s:14:"[your-subject]";s:6:"sender";s:47:"[your-name] <wordpress@labs.saurabh-sharma.net>";s:4:"body";s:194:"From: [your-name] <[your-email]>
Subject: [your-subject]

Message Body:
[your-message]

--
This e-mail was sent from a contact form on Benchmark (http://labs.saurabh-sharma.net/themes/benchmark)";s:9:"recipient";s:21:"saagar_1982@yahoo.com";s:18:"additional_headers";s:22:"Reply-To: [your-email]";s:11:"attachments";s:0:"";s:8:"use_html";b:0;s:13:"exclude_blank";b:0;}]]></wp:meta_value>
		</wp:postmeta>
		<wp:postmeta>
			<wp:meta_key><![CDATA[_mail_2]]></wp:meta_key>
			<wp:meta_value><![CDATA[a:9:{s:6:"active";b:0;s:7:"subject";s:14:"[your-subject]";s:6:"sender";s:45:"Benchmark <wordpress@labs.saurabh-sharma.net>";s:4:"body";s:136:"Message Body:
[your-message]

--
This e-mail was sent from a contact form on Benchmark (http://labs.saurabh-sharma.net/themes/benchmark)";s:9:"recipient";s:12:"[your-email]";s:18:"additional_headers";s:31:"Reply-To: saagar_1982@yahoo.com";s:11:"attachments";s:0:"";s:8:"use_html";b:0;s:13:"exclude_blank";b:0;}]]></wp:meta_value>
		</wp:postmeta>
		<wp:postmeta>
			<wp:meta_key><![CDATA[_messages]]></wp:meta_key>
			<wp:meta_value><![CDATA[a:23:{s:12:"mail_sent_ok";s:43:"Your message was sent successfully. Thanks.";s:12:"mail_sent_ng";s:93:"Failed to send your message. Please try later or contact the administrator by another method.";s:16:"validation_error";s:74:"Validation errors occurred. Please confirm the fields and submit it again.";s:4:"spam";s:93:"Failed to send your message. Please try later or contact the administrator by another method.";s:12:"accept_terms";s:35:"Please accept the terms to proceed.";s:16:"invalid_required";s:34:"Please fill in the required field.";s:16:"invalid_too_long";s:23:"This input is too long.";s:17:"invalid_too_short";s:24:"This input is too short.";s:12:"invalid_date";s:26:"Date format seems invalid.";s:14:"date_too_early";s:23:"This date is too early.";s:13:"date_too_late";s:22:"This date is too late.";s:13:"upload_failed";s:22:"Failed to upload file.";s:24:"upload_file_type_invalid";s:30:"This file type is not allowed.";s:21:"upload_file_too_large";s:23:"This file is too large.";s:23:"upload_failed_php_error";s:38:"Failed to upload file. Error occurred.";s:14:"invalid_number";s:28:"Number format seems invalid.";s:16:"number_too_small";s:25:"This number is too small.";s:16:"number_too_large";s:25:"This number is too large.";s:23:"quiz_answer_not_correct";s:27:"Your answer is not correct.";s:17:"captcha_not_match";s:31:"Your entered code is incorrect.";s:13:"invalid_email";s:28:"Email address seems invalid.";s:11:"invalid_url";s:18:"URL seems invalid.";s:11:"invalid_tel";s:31:"Telephone number seems invalid.";}]]></wp:meta_value>
		</wp:postmeta>
		<wp:postmeta>
			<wp:meta_key><![CDATA[_additional_settings]]></wp:meta_key>
			<wp:meta_value><![CDATA[]]></wp:meta_value>
		</wp:postmeta>
		<wp:postmeta>
			<wp:meta_key><![CDATA[_locale]]></wp:meta_key>
			<wp:meta_value><![CDATA[en_US]]></wp:meta_value>
		</wp:postmeta>
	</item>
	<item>
		<title>home-full-width-lead-gen-multiple</title>
		<link>http://labs.saurabh-sharma.net/themes/benchmark/?post_type=wpcf7_contact_form&#038;p=87</link>
		<pubDate>Mon, 01 Feb 2016 10:29:49 +0000</pubDate>
		<dc:creator><![CDATA[admin]]></dc:creator>
		<guid isPermaLink="false">http://labs.saurabh-sharma.net/themes/benchmark/?post_type=wpcf7_contact_form&#038;p=87</guid>
		<description></description>
		<content:encoded><![CDATA[<div class="row clearfix">
   
<div class="ss-col col-md-6">

[text* text-338 placeholder "Your name"]

</div>

<div class="ss-col col-md-6">

[email* email-438 placeholder "Your email"]

</div>

<div class="ss-col col-md-6">

[tel* tel-189 placeholder "Your Phone"]

</div>

<div class="ss-col col-md-6">

[select* menu-441 "Secondary" "Sr. Secondary" "Graduate" "Post Graduate" "None"]

</div>

<div class="ss-col col-md-12">

<p class="text-left">[checkbox checkbox-294 "Notify me about new offers and packages"]</p>

<p class="no-margin">[submit class:btn class:btn-alt class:btn-medium class:btn-block class:no-margin "Register Now"]</p>

</div>

</div>
[your-subject]
[your-name] <wordpress@labs.saurabh-sharma.net>
From: [your-name] <[your-email]>
Subject: [your-subject]

Message Body:
[your-message]

--
This e-mail was sent from a contact form on Benchmark (http://labs.saurabh-sharma.net/themes/benchmark)
saagar_1982@yahoo.com
Reply-To: [your-email]




[your-subject]
Benchmark <wordpress@labs.saurabh-sharma.net>
Message Body:
[your-message]

--
This e-mail was sent from a contact form on Benchmark (http://labs.saurabh-sharma.net/themes/benchmark)
[your-email]
Reply-To: saagar_1982@yahoo.com



Your message was sent successfully. Thanks.
Failed to send your message. Please try later or contact the administrator by another method.
Validation errors occurred. Please confirm the fields and submit it again.
Failed to send your message. Please try later or contact the administrator by another method.
Please accept the terms to proceed.
Please fill in the required field.
This input is too long.
This input is too short.
Date format seems invalid.
This date is too early.
This date is too late.
Failed to upload file.
This file type is not allowed.
This file is too large.
Failed to upload file. Error occurred.
Number format seems invalid.
This number is too small.
This number is too large.
Your answer is not correct.
Your entered code is incorrect.
Email address seems invalid.
URL seems invalid.
Telephone number seems invalid.]]></content:encoded>
		<excerpt:encoded><![CDATA[]]></excerpt:encoded>
		<wp:post_id>87</wp:post_id>
		<wp:post_date><![CDATA[2016-02-01 10:29:49]]></wp:post_date>
		<wp:post_date_gmt><![CDATA[2016-02-01 10:29:49]]></wp:post_date_gmt>
		<wp:comment_status><![CDATA[closed]]></wp:comment_status>
		<wp:ping_status><![CDATA[closed]]></wp:ping_status>
		<wp:post_name><![CDATA[home-full-width-lead-gen-multiple]]></wp:post_name>
		<wp:status><![CDATA[publish]]></wp:status>
		<wp:post_parent>0</wp:post_parent>
		<wp:menu_order>0</wp:menu_order>
		<wp:post_type><![CDATA[wpcf7_contact_form]]></wp:post_type>
		<wp:post_password><![CDATA[]]></wp:post_password>
		<wp:is_sticky>0</wp:is_sticky>
		<wp:postmeta>
			<wp:meta_key><![CDATA[_form]]></wp:meta_key>
			<wp:meta_value><![CDATA[<div class="row clearfix">
   
<div class="ss-col col-md-6">

[text* text-338 placeholder "Your name"]

</div>

<div class="ss-col col-md-6">

[email* email-438 placeholder "Your email"]

</div>

<div class="ss-col col-md-6">

[tel* tel-189 placeholder "Your Phone"]

</div>

<div class="ss-col col-md-6">

[select* menu-441 "Secondary" "Sr. Secondary" "Graduate" "Post Graduate" "None"]

</div>

<div class="ss-col col-md-12">

<p class="text-left">[checkbox checkbox-294 "Notify me about new offers and packages"]</p>

<p class="no-margin">[submit class:btn class:btn-alt class:btn-medium class:btn-block class:no-margin "Register Now"]</p>

</div>

</div>]]></wp:meta_value>
		</wp:postmeta>
		<wp:postmeta>
			<wp:meta_key><![CDATA[_mail]]></wp:meta_key>
			<wp:meta_value><![CDATA[a:8:{s:7:"subject";s:14:"[your-subject]";s:6:"sender";s:47:"[your-name] <wordpress@labs.saurabh-sharma.net>";s:4:"body";s:194:"From: [your-name] <[your-email]>
Subject: [your-subject]

Message Body:
[your-message]

--
This e-mail was sent from a contact form on Benchmark (http://labs.saurabh-sharma.net/themes/benchmark)";s:9:"recipient";s:21:"saagar_1982@yahoo.com";s:18:"additional_headers";s:22:"Reply-To: [your-email]";s:11:"attachments";s:0:"";s:8:"use_html";b:0;s:13:"exclude_blank";b:0;}]]></wp:meta_value>
		</wp:postmeta>
		<wp:postmeta>
			<wp:meta_key><![CDATA[_mail_2]]></wp:meta_key>
			<wp:meta_value><![CDATA[a:9:{s:6:"active";b:0;s:7:"subject";s:14:"[your-subject]";s:6:"sender";s:45:"Benchmark <wordpress@labs.saurabh-sharma.net>";s:4:"body";s:136:"Message Body:
[your-message]

--
This e-mail was sent from a contact form on Benchmark (http://labs.saurabh-sharma.net/themes/benchmark)";s:9:"recipient";s:12:"[your-email]";s:18:"additional_headers";s:31:"Reply-To: saagar_1982@yahoo.com";s:11:"attachments";s:0:"";s:8:"use_html";b:0;s:13:"exclude_blank";b:0;}]]></wp:meta_value>
		</wp:postmeta>
		<wp:postmeta>
			<wp:meta_key><![CDATA[_messages]]></wp:meta_key>
			<wp:meta_value><![CDATA[a:23:{s:12:"mail_sent_ok";s:43:"Your message was sent successfully. Thanks.";s:12:"mail_sent_ng";s:93:"Failed to send your message. Please try later or contact the administrator by another method.";s:16:"validation_error";s:74:"Validation errors occurred. Please confirm the fields and submit it again.";s:4:"spam";s:93:"Failed to send your message. Please try later or contact the administrator by another method.";s:12:"accept_terms";s:35:"Please accept the terms to proceed.";s:16:"invalid_required";s:34:"Please fill in the required field.";s:16:"invalid_too_long";s:23:"This input is too long.";s:17:"invalid_too_short";s:24:"This input is too short.";s:12:"invalid_date";s:26:"Date format seems invalid.";s:14:"date_too_early";s:23:"This date is too early.";s:13:"date_too_late";s:22:"This date is too late.";s:13:"upload_failed";s:22:"Failed to upload file.";s:24:"upload_file_type_invalid";s:30:"This file type is not allowed.";s:21:"upload_file_too_large";s:23:"This file is too large.";s:23:"upload_failed_php_error";s:38:"Failed to upload file. Error occurred.";s:14:"invalid_number";s:28:"Number format seems invalid.";s:16:"number_too_small";s:25:"This number is too small.";s:16:"number_too_large";s:25:"This number is too large.";s:23:"quiz_answer_not_correct";s:27:"Your answer is not correct.";s:17:"captcha_not_match";s:31:"Your entered code is incorrect.";s:13:"invalid_email";s:28:"Email address seems invalid.";s:11:"invalid_url";s:18:"URL seems invalid.";s:11:"invalid_tel";s:31:"Telephone number seems invalid.";}]]></wp:meta_value>
		</wp:postmeta>
		<wp:postmeta>
			<wp:meta_key><![CDATA[_additional_settings]]></wp:meta_key>
			<wp:meta_value><![CDATA[]]></wp:meta_value>
		</wp:postmeta>
		<wp:postmeta>
			<wp:meta_key><![CDATA[_locale]]></wp:meta_key>
			<wp:meta_value><![CDATA[en_US]]></wp:meta_value>
		</wp:postmeta>
	</item>
	<item>
		<title>home-horiz-email</title>
		<link>http://labs.saurabh-sharma.net/themes/benchmark/?post_type=wpcf7_contact_form&#038;p=103</link>
		<pubDate>Mon, 01 Feb 2016 12:09:44 +0000</pubDate>
		<dc:creator><![CDATA[admin]]></dc:creator>
		<guid isPermaLink="false">http://labs.saurabh-sharma.net/themes/benchmark/?post_type=wpcf7_contact_form&#038;p=103</guid>
		<description></description>
		<content:encoded><![CDATA[<div class="row clearfix">
   
<div class="ss-col col-md-8">

[email* email-438 class:expand-100 class:no-margin placeholder "Your email"]

</div>

<div class="ss-col col-md-4">

[submit class:btn class:btn-alt class:btn-lg class:btn-block class:no-margin "Register Now"]

</div>

</div>
[your-subject]
[your-name] <wordpress@labs.saurabh-sharma.net>
From: [your-name] <[your-email]>
Subject: [your-subject]

Message Body:
[your-message]

--
This e-mail was sent from a contact form on Benchmark (http://labs.saurabh-sharma.net/themes/benchmark)
saagar_1982@yahoo.com
Reply-To: [your-email]




[your-subject]
Benchmark <wordpress@labs.saurabh-sharma.net>
Message Body:
[your-message]

--
This e-mail was sent from a contact form on Benchmark (http://labs.saurabh-sharma.net/themes/benchmark)
[your-email]
Reply-To: saagar_1982@yahoo.com



Your message was sent successfully. Thanks.
Failed to send your message. Please try later or contact the administrator by another method.
Validation errors occurred. Please confirm the fields and submit it again.
Failed to send your message. Please try later or contact the administrator by another method.
Please accept the terms to proceed.
Please fill in the required field.
This input is too long.
This input is too short.
Date format seems invalid.
This date is too early.
This date is too late.
Failed to upload file.
This file type is not allowed.
This file is too large.
Failed to upload file. Error occurred.
Number format seems invalid.
This number is too small.
This number is too large.
Your answer is not correct.
Your entered code is incorrect.
Email address seems invalid.
URL seems invalid.
Telephone number seems invalid.]]></content:encoded>
		<excerpt:encoded><![CDATA[]]></excerpt:encoded>
		<wp:post_id>103</wp:post_id>
		<wp:post_date><![CDATA[2016-02-01 12:09:44]]></wp:post_date>
		<wp:post_date_gmt><![CDATA[2016-02-01 12:09:44]]></wp:post_date_gmt>
		<wp:comment_status><![CDATA[closed]]></wp:comment_status>
		<wp:ping_status><![CDATA[closed]]></wp:ping_status>
		<wp:post_name><![CDATA[home-horiz-email]]></wp:post_name>
		<wp:status><![CDATA[publish]]></wp:status>
		<wp:post_parent>0</wp:post_parent>
		<wp:menu_order>0</wp:menu_order>
		<wp:post_type><![CDATA[wpcf7_contact_form]]></wp:post_type>
		<wp:post_password><![CDATA[]]></wp:post_password>
		<wp:is_sticky>0</wp:is_sticky>
		<wp:postmeta>
			<wp:meta_key><![CDATA[_form]]></wp:meta_key>
			<wp:meta_value><![CDATA[<div class="row clearfix">
   
<div class="ss-col col-md-8">

[email* email-438 class:expand-100 class:no-margin placeholder "Your email"]

</div>

<div class="ss-col col-md-4">

[submit class:btn class:btn-alt class:btn-lg class:btn-block class:no-margin "Register Now"]

</div>

</div>]]></wp:meta_value>
		</wp:postmeta>
		<wp:postmeta>
			<wp:meta_key><![CDATA[_mail]]></wp:meta_key>
			<wp:meta_value><![CDATA[a:8:{s:7:"subject";s:14:"[your-subject]";s:6:"sender";s:47:"[your-name] <wordpress@labs.saurabh-sharma.net>";s:4:"body";s:194:"From: [your-name] <[your-email]>
Subject: [your-subject]

Message Body:
[your-message]

--
This e-mail was sent from a contact form on Benchmark (http://labs.saurabh-sharma.net/themes/benchmark)";s:9:"recipient";s:21:"saagar_1982@yahoo.com";s:18:"additional_headers";s:22:"Reply-To: [your-email]";s:11:"attachments";s:0:"";s:8:"use_html";b:0;s:13:"exclude_blank";b:0;}]]></wp:meta_value>
		</wp:postmeta>
		<wp:postmeta>
			<wp:meta_key><![CDATA[_mail_2]]></wp:meta_key>
			<wp:meta_value><![CDATA[a:9:{s:6:"active";b:0;s:7:"subject";s:14:"[your-subject]";s:6:"sender";s:45:"Benchmark <wordpress@labs.saurabh-sharma.net>";s:4:"body";s:136:"Message Body:
[your-message]

--
This e-mail was sent from a contact form on Benchmark (http://labs.saurabh-sharma.net/themes/benchmark)";s:9:"recipient";s:12:"[your-email]";s:18:"additional_headers";s:31:"Reply-To: saagar_1982@yahoo.com";s:11:"attachments";s:0:"";s:8:"use_html";b:0;s:13:"exclude_blank";b:0;}]]></wp:meta_value>
		</wp:postmeta>
		<wp:postmeta>
			<wp:meta_key><![CDATA[_messages]]></wp:meta_key>
			<wp:meta_value><![CDATA[a:23:{s:12:"mail_sent_ok";s:43:"Your message was sent successfully. Thanks.";s:12:"mail_sent_ng";s:93:"Failed to send your message. Please try later or contact the administrator by another method.";s:16:"validation_error";s:74:"Validation errors occurred. Please confirm the fields and submit it again.";s:4:"spam";s:93:"Failed to send your message. Please try later or contact the administrator by another method.";s:12:"accept_terms";s:35:"Please accept the terms to proceed.";s:16:"invalid_required";s:34:"Please fill in the required field.";s:16:"invalid_too_long";s:23:"This input is too long.";s:17:"invalid_too_short";s:24:"This input is too short.";s:12:"invalid_date";s:26:"Date format seems invalid.";s:14:"date_too_early";s:23:"This date is too early.";s:13:"date_too_late";s:22:"This date is too late.";s:13:"upload_failed";s:22:"Failed to upload file.";s:24:"upload_file_type_invalid";s:30:"This file type is not allowed.";s:21:"upload_file_too_large";s:23:"This file is too large.";s:23:"upload_failed_php_error";s:38:"Failed to upload file. Error occurred.";s:14:"invalid_number";s:28:"Number format seems invalid.";s:16:"number_too_small";s:25:"This number is too small.";s:16:"number_too_large";s:25:"This number is too large.";s:23:"quiz_answer_not_correct";s:27:"Your answer is not correct.";s:17:"captcha_not_match";s:31:"Your entered code is incorrect.";s:13:"invalid_email";s:28:"Email address seems invalid.";s:11:"invalid_url";s:18:"URL seems invalid.";s:11:"invalid_tel";s:31:"Telephone number seems invalid.";}]]></wp:meta_value>
		</wp:postmeta>
		<wp:postmeta>
			<wp:meta_key><![CDATA[_additional_settings]]></wp:meta_key>
			<wp:meta_value><![CDATA[]]></wp:meta_value>
		</wp:postmeta>
		<wp:postmeta>
			<wp:meta_key><![CDATA[_locale]]></wp:meta_key>
			<wp:meta_value><![CDATA[en_US]]></wp:meta_value>
		</wp:postmeta>
	</item>
</channel>
</rss>
