<?xml version="1.0" encoding="UTF-8" ?>
<!-- This is a WordPress eXtended RSS file generated by WordPress as an export of your site. -->
<!-- It contains information about your site's posts, pages, comments, categories, and other content. -->
<!-- You may use this file to transfer that content from one site to another. -->
<!-- This file is not intended to serve as a complete backup of your site. -->

<!-- To import this information into a WordPress site follow these steps: -->
<!-- 1. Log in to that site as an administrator. -->
<!-- 2. Go to Tools: Import in the WordPress admin panel. -->
<!-- 3. Install the "WordPress" importer from the list. -->
<!-- 4. Activate & Run Importer. -->
<!-- 5. Upload this file using the form provided on that page. -->
<!-- 6. You will first be asked to map the authors in this export file to users -->
<!--    on the site. For each author, you may choose to map to an -->
<!--    existing user on the site or to create a new user. -->
<!-- 7. WordPress will then import each of the posts, pages, comments, categories, etc. -->
<!--    contained in this file into your site. -->

<!-- generator="WordPress/4.4.2" created="2016-02-06 10:43" -->
<rss version="2.0"
	xmlns:excerpt="http://wordpress.org/export/1.2/excerpt/"
	xmlns:content="http://purl.org/rss/1.0/modules/content/"
	xmlns:wfw="http://wellformedweb.org/CommentAPI/"
	xmlns:dc="http://purl.org/dc/elements/1.1/"
	xmlns:wp="http://wordpress.org/export/1.2/"
>

<channel>
	<title>Benchmark</title>
	<link>http://labs.saurabh-sharma.net/themes/benchmark</link>
	<description>Just another WordPress site</description>
	<pubDate>Sat, 06 Feb 2016 10:43:09 +0000</pubDate>
	<language>en-US</language>
	<wp:wxr_version>1.2</wp:wxr_version>
	<wp:base_site_url>http://labs.saurabh-sharma.net/themes/benchmark</wp:base_site_url>
	<wp:base_blog_url>http://labs.saurabh-sharma.net/themes/benchmark</wp:base_blog_url>

	<wp:author><wp:author_id>1</wp:author_id><wp:author_login><![CDATA[admin]]></wp:author_login><wp:author_email><![CDATA[saagar_1982@yahoo.com]]></wp:author_email><wp:author_display_name><![CDATA[admin]]></wp:author_display_name><wp:author_first_name><![CDATA[]]></wp:author_first_name><wp:author_last_name><![CDATA[]]></wp:author_last_name></wp:author>


	<generator>https://wordpress.org/?v=4.4.2</generator>

<image>
	<url>http://labs.saurabh-sharma.net/themes/benchmark/wp-content/uploads/2016/01/cropped-favicon-32x32.png</url>
	<title>Benchmark</title>
	<link>http://labs.saurabh-sharma.net/themes/benchmark</link>
	<width>32</width>
	<height>32</height>
</image> 

	<item>
		<title>Hello world!</title>
		<link>http://labs.saurabh-sharma.net/themes/benchmark/2016/01/29/hello-world/</link>
		<pubDate>Fri, 29 Jan 2016 07:58:16 +0000</pubDate>
		<dc:creator><![CDATA[admin]]></dc:creator>
		<guid isPermaLink="false">http://labs.saurabh-sharma.net/themes/benchmark/?p=1</guid>
		<description></description>
		<content:encoded><![CDATA[Welcome to WordPress. This is your first post. Edit or delete it, then start writing!]]></content:encoded>
		<excerpt:encoded><![CDATA[]]></excerpt:encoded>
		<wp:post_id>1</wp:post_id>
		<wp:post_date><![CDATA[2016-01-29 07:58:16]]></wp:post_date>
		<wp:post_date_gmt><![CDATA[2016-01-29 07:58:16]]></wp:post_date_gmt>
		<wp:comment_status><![CDATA[open]]></wp:comment_status>
		<wp:ping_status><![CDATA[open]]></wp:ping_status>
		<wp:post_name><![CDATA[hello-world]]></wp:post_name>
		<wp:status><![CDATA[publish]]></wp:status>
		<wp:post_parent>0</wp:post_parent>
		<wp:menu_order>0</wp:menu_order>
		<wp:post_type><![CDATA[post]]></wp:post_type>
		<wp:post_password><![CDATA[]]></wp:post_password>
		<wp:is_sticky>0</wp:is_sticky>
		<category domain="category" nicename="uncategorized"><![CDATA[Uncategorized]]></category>
		<wp:comment>
			<wp:comment_id>1</wp:comment_id>
			<wp:comment_author><![CDATA[Mr WordPress]]></wp:comment_author>
			<wp:comment_author_email><![CDATA[]]></wp:comment_author_email>
			<wp:comment_author_url>https://wordpress.org/</wp:comment_author_url>
			<wp:comment_author_IP><![CDATA[]]></wp:comment_author_IP>
			<wp:comment_date><![CDATA[2016-01-29 07:58:16]]></wp:comment_date>
			<wp:comment_date_gmt><![CDATA[2016-01-29 07:58:16]]></wp:comment_date_gmt>
			<wp:comment_content><![CDATA[Hi, this is a comment.
To delete a comment, just log in and view the post&#039;s comments. There you will have the option to edit or delete them.]]></wp:comment_content>
			<wp:comment_approved><![CDATA[1]]></wp:comment_approved>
			<wp:comment_type><![CDATA[]]></wp:comment_type>
			<wp:comment_parent>0</wp:comment_parent>
			<wp:comment_user_id>0</wp:comment_user_id>
		</wp:comment>
	</item>
	<item>
		<title>5 tips on preparing for national aptitude test</title>
		<link>http://labs.saurabh-sharma.net/themes/benchmark/2016/01/30/5-tips-on-preparing-for-national-aptitude-test/</link>
		<pubDate>Sat, 30 Jan 2016 08:45:05 +0000</pubDate>
		<dc:creator><![CDATA[admin]]></dc:creator>
		<guid isPermaLink="false">http://labs.saurabh-sharma.net/themes/benchmark/?p=19</guid>
		<description></description>
		<content:encoded><![CDATA[<h2 class="h3">Every woman loves to wear high heels, other than casual shoes and sandals. Heels draw attention and gives you confidence. Here is how to wear high heels without hurting your feet.</h2>

You take the good, you take the bad, you take them both and there you have the facts of life, the facts of life. There's a time you got to go and show you're growin' now you know about the facts of life, the facts of life. When the world never seems to be livin up to your dreams and suddenly you're finding out the facts of life are all about you. The more so, I say, because truly to enjoy bodily warmth, some small part of you must be cold.

[ss_quote align="left"]Women do love high heels. But wearing them for a long time may cause feet and back pain.[/ss_quote]How it is I know not; but there is no place like a bed for confidential disclosures between friends. Man and wife, they say, there open the very bottom of their souls to each other; and some old couples often lie and chat over old times till nearly morning.

Green Acres is the place to be. Farm livin' is the life for me. Land spreadin' out so far and wide. Keep Manhattan, just give me that countryside. New York is where I'd rather stay. I get allergic smelling hay. I just adore a penthouse view. Darling I love you but give me Park Avenue. The chores! The stores! Fresh air! Times Square! You are my wife. Good bye, city life. Green Acres we are there!

There are those who believe that life here began out there, far across the universe, with tribes of humans who may have been the forefathers of the Egyptians or the Toltecs or the Mayans. Some believe that there may yet be brothers of man who even now fight to survive somewhere beyond the heavens.]]></content:encoded>
		<excerpt:encoded><![CDATA[]]></excerpt:encoded>
		<wp:post_id>19</wp:post_id>
		<wp:post_date><![CDATA[2016-01-30 08:45:05]]></wp:post_date>
		<wp:post_date_gmt><![CDATA[2016-01-30 08:45:05]]></wp:post_date_gmt>
		<wp:comment_status><![CDATA[open]]></wp:comment_status>
		<wp:ping_status><![CDATA[open]]></wp:ping_status>
		<wp:post_name><![CDATA[5-tips-on-preparing-for-national-aptitude-test]]></wp:post_name>
		<wp:status><![CDATA[publish]]></wp:status>
		<wp:post_parent>0</wp:post_parent>
		<wp:menu_order>0</wp:menu_order>
		<wp:post_type><![CDATA[post]]></wp:post_type>
		<wp:post_password><![CDATA[]]></wp:post_password>
		<wp:is_sticky>0</wp:is_sticky>
		<category domain="post_tag" nicename="aptitude"><![CDATA[aptitude]]></category>
		<category domain="category" nicename="education"><![CDATA[Education]]></category>
		<category domain="post_tag" nicename="national"><![CDATA[national]]></category>
		<category domain="post_tag" nicename="test"><![CDATA[test]]></category>
		<category domain="post_tag" nicename="tips"><![CDATA[tips]]></category>
		<wp:postmeta>
			<wp:meta_key><![CDATA[_edit_last]]></wp:meta_key>
			<wp:meta_value><![CDATA[1]]></wp:meta_value>
		</wp:postmeta>
		<wp:postmeta>
			<wp:meta_key><![CDATA[_thumbnail_id]]></wp:meta_key>
			<wp:meta_value><![CDATA[20]]></wp:meta_value>
		</wp:postmeta>
		<wp:postmeta>
			<wp:meta_key><![CDATA[bmrk_page_opts]]></wp:meta_key>
			<wp:meta_value><![CDATA[a:1:{s:12:"sb_placement";s:6:"global";}]]></wp:meta_value>
		</wp:postmeta>
		<wp:postmeta>
			<wp:meta_key><![CDATA[bmrk_post_options]]></wp:meta_key>
			<wp:meta_value><![CDATA[a:2:{s:8:"pf_video";s:0:"";s:12:"sb_placement";s:6:"global";}]]></wp:meta_value>
		</wp:postmeta>
	</item>
	<item>
		<title>Career options in 2016 after you graduate</title>
		<link>http://labs.saurabh-sharma.net/themes/benchmark/2016/01/30/career-options-in-2016-after-you-graduate/</link>
		<pubDate>Sat, 30 Jan 2016 08:47:10 +0000</pubDate>
		<dc:creator><![CDATA[admin]]></dc:creator>
		<guid isPermaLink="false">http://labs.saurabh-sharma.net/themes/benchmark/?p=30</guid>
		<description></description>
		<content:encoded><![CDATA[<h2 class="h3">When in summer, what can be better than a romper. They are comfortable, stylish, and easy to maintain. Romper is a great way to achieve that fun, flirty look of a mini skirt but with a little more coverage.</h2>
You take the good, you take the bad, you take them both and there you have the facts of life, the facts of life. There's a time you got to go and show you're growin' now you know about the facts of life, the facts of life. When the world never seems to be livin up to your dreams and suddenly you're finding out the facts of life are all about you. The more so, I say, because truly to enjoy bodily warmth, some small part of you must be cold.

[ss_quote align="left"]Romper is a great alternative to mini skirts but with a little more coverage, fun and confidence.[/ss_quote]How it is I know not; but there is no place like a bed for confidential disclosures between friends. Man and wife, they say, there open the very bottom of their souls to each other; and some old couples often lie and chat over old times till nearly morning.

Green Acres is the place to be. Farm livin' is the life for me. Land spreadin' out so far and wide. Keep Manhattan, just give me that countryside. New York is where I'd rather stay. I get allergic smelling hay. I just adore a penthouse view. Darling I love you but give me Park Avenue. The chores! The stores! Fresh air! Times Square! You are my wife. Good bye, city life. Green Acres we are there!

There are those who believe that life here began out there, far across the universe, with tribes of humans who may have been the forefathers of the Egyptians or the Toltecs or the Mayans. Some believe that there may yet be brothers of man who even now fight to survive somewhere beyond the heavens.]]></content:encoded>
		<excerpt:encoded><![CDATA[]]></excerpt:encoded>
		<wp:post_id>30</wp:post_id>
		<wp:post_date><![CDATA[2016-01-30 08:47:10]]></wp:post_date>
		<wp:post_date_gmt><![CDATA[2016-01-30 08:47:10]]></wp:post_date_gmt>
		<wp:comment_status><![CDATA[open]]></wp:comment_status>
		<wp:ping_status><![CDATA[open]]></wp:ping_status>
		<wp:post_name><![CDATA[career-options-in-2016-after-you-graduate]]></wp:post_name>
		<wp:status><![CDATA[publish]]></wp:status>
		<wp:post_parent>0</wp:post_parent>
		<wp:menu_order>0</wp:menu_order>
		<wp:post_type><![CDATA[post]]></wp:post_type>
		<wp:post_password><![CDATA[]]></wp:post_password>
		<wp:is_sticky>0</wp:is_sticky>
		<category domain="post_tag" nicename="career"><![CDATA[career]]></category>
		<category domain="category" nicename="education"><![CDATA[Education]]></category>
		<category domain="post_tag" nicename="graduation"><![CDATA[graduation]]></category>
		<category domain="post_tag" nicename="tips"><![CDATA[tips]]></category>
		<wp:postmeta>
			<wp:meta_key><![CDATA[_edit_last]]></wp:meta_key>
			<wp:meta_value><![CDATA[1]]></wp:meta_value>
		</wp:postmeta>
		<wp:postmeta>
			<wp:meta_key><![CDATA[_thumbnail_id]]></wp:meta_key>
			<wp:meta_value><![CDATA[21]]></wp:meta_value>
		</wp:postmeta>
		<wp:postmeta>
			<wp:meta_key><![CDATA[bmrk_page_opts]]></wp:meta_key>
			<wp:meta_value><![CDATA[a:1:{s:12:"sb_placement";s:6:"global";}]]></wp:meta_value>
		</wp:postmeta>
		<wp:postmeta>
			<wp:meta_key><![CDATA[bmrk_post_options]]></wp:meta_key>
			<wp:meta_value><![CDATA[a:2:{s:8:"pf_video";s:0:"";s:12:"sb_placement";s:6:"global";}]]></wp:meta_value>
		</wp:postmeta>
	</item>
	<item>
		<title>Scope and career opportunities in basketball sport</title>
		<link>http://labs.saurabh-sharma.net/themes/benchmark/2016/01/30/scope-and-career-opportunities-in-basketball-sport/</link>
		<pubDate>Sat, 30 Jan 2016 08:49:15 +0000</pubDate>
		<dc:creator><![CDATA[admin]]></dc:creator>
		<guid isPermaLink="false">http://labs.saurabh-sharma.net/themes/benchmark/?p=32</guid>
		<description></description>
		<content:encoded><![CDATA[<h2 class="h3">The beauty of wearing all black outfits is that it gives you freedom of playing with different textures without having to choose too busy outfit. Here is how to wear all black outfits without looking Gothic.</h2>

We had been sitting in this crouching manner for some time, when all at once I thought I would open my eyes; for when between sheets, whether by day or by night, and whether asleep or awake, I have a way of always keeping my eyes shut, in order the more to concentrate the snugness of being in bed. Because no man can ever feel his own identity aright except his eyes be closed; as if darkness were indeed the proper element of our essences.

[ss_quote align="left"]You can jazz up your black outfits by pairing it with right jewelry and accessories.[/ss_quote]How it is I know not; but there is no place like a bed for confidential disclosures between friends. Man and wife, they say, there open the very bottom of their souls to each other; and some old couples often lie and chat over old times till nearly morning.

We had lain thus in bed, chatting and napping at short intervals, and Queequeg now and then affectionately throwing his brown tattooed legs over mine, and then drawing them back; so entirely sociable and free and easy were we; when, at last, by reason of our confabulations, what little nappishness remained in us altogether departed, and we felt like getting up again, though day-break was yet some way down the future.

The more so, I say, because truly to enjoy bodily warmth, some small part of you must be cold, for there is no quality in this world that is not what it is merely by contrast. Nothing exists in itself. If you flatter yourself that you are all over comfortable, and have been so a long time, then you cannot be said to be comfortable any more.]]></content:encoded>
		<excerpt:encoded><![CDATA[]]></excerpt:encoded>
		<wp:post_id>32</wp:post_id>
		<wp:post_date><![CDATA[2016-01-30 08:49:15]]></wp:post_date>
		<wp:post_date_gmt><![CDATA[2016-01-30 08:49:15]]></wp:post_date_gmt>
		<wp:comment_status><![CDATA[open]]></wp:comment_status>
		<wp:ping_status><![CDATA[open]]></wp:ping_status>
		<wp:post_name><![CDATA[scope-and-career-opportunities-in-basketball-sport]]></wp:post_name>
		<wp:status><![CDATA[publish]]></wp:status>
		<wp:post_parent>0</wp:post_parent>
		<wp:menu_order>0</wp:menu_order>
		<wp:post_type><![CDATA[post]]></wp:post_type>
		<wp:post_password><![CDATA[]]></wp:post_password>
		<wp:is_sticky>0</wp:is_sticky>
		<category domain="category" nicename="education"><![CDATA[Education]]></category>
		<wp:postmeta>
			<wp:meta_key><![CDATA[_edit_last]]></wp:meta_key>
			<wp:meta_value><![CDATA[1]]></wp:meta_value>
		</wp:postmeta>
		<wp:postmeta>
			<wp:meta_key><![CDATA[_thumbnail_id]]></wp:meta_key>
			<wp:meta_value><![CDATA[22]]></wp:meta_value>
		</wp:postmeta>
		<wp:postmeta>
			<wp:meta_key><![CDATA[bmrk_page_opts]]></wp:meta_key>
			<wp:meta_value><![CDATA[a:1:{s:12:"sb_placement";s:6:"global";}]]></wp:meta_value>
		</wp:postmeta>
		<wp:postmeta>
			<wp:meta_key><![CDATA[bmrk_post_options]]></wp:meta_key>
			<wp:meta_value><![CDATA[a:2:{s:8:"pf_video";s:0:"";s:12:"sb_placement";s:6:"global";}]]></wp:meta_value>
		</wp:postmeta>
	</item>
	<item>
		<title>More girl candidates to choose career in sports</title>
		<link>http://labs.saurabh-sharma.net/themes/benchmark/2016/01/30/more-girl-candidates-to-choose-career-in-sports/</link>
		<pubDate>Sat, 30 Jan 2016 08:50:59 +0000</pubDate>
		<dc:creator><![CDATA[admin]]></dc:creator>
		<guid isPermaLink="false">http://labs.saurabh-sharma.net/themes/benchmark/?p=34</guid>
		<description></description>
		<content:encoded><![CDATA[<h2 class="h3">Looking cool in summer is a big challenge. One of the best ways of beating the heat is to wear dresses or shorts. They are comfortable, modest, and you look hot by beating the heat.</h2>

Have you tried Wheaties? They’re whole wheat with all of the bran. Won’t you try Wheaties? For wheat is the best food of man. They’re crispy and crunchy the whole year through, The kiddies never tire of them and neither will you. So just try Wheaties, the best breakfast food in the land. My way, your way, one at a time, hot off the fire with anything on it! And don't it feel good when it's just how you want it?

[ss_quote align="left"]Everyone loves shorts, but to combine it with right top-wear is the main thing.[/ss_quote]Whatever it is I think I see, becomes a Tootsie Roll to me! Tootsie Roll how I love your chocolaty chew, Tootsie Roll I think I'm in love with you. Whatever it is I think I see, becomes a Tootsie Roll to me!

Wanted to get myself a new cell phone so I could hear myself as a ringtone. Who knew the store would go and check my credit score? Now all they let me have is this dinosaur! Hello hello hello, can anybody hear me? I know I know I know, I should have gone to Free Credit Report dot com! Look for the Union Label when you are buying a coat, dress, or blouse. Remember, somewhere our union's sewing, our wages going to feed the kids, and run the house.  This is a Burger King town, it's made just for me! This is a Burger King town, we know how burgers should be.

There's something special about this place. Got no reason to stray too far, 'cause it's all right here in my own backyard! This is a Burger King town, it's made just for me! This is a Burger King town, we know how burgers should be! Right up the road, left at the sign.]]></content:encoded>
		<excerpt:encoded><![CDATA[]]></excerpt:encoded>
		<wp:post_id>34</wp:post_id>
		<wp:post_date><![CDATA[2016-01-30 08:50:59]]></wp:post_date>
		<wp:post_date_gmt><![CDATA[2016-01-30 08:50:59]]></wp:post_date_gmt>
		<wp:comment_status><![CDATA[open]]></wp:comment_status>
		<wp:ping_status><![CDATA[open]]></wp:ping_status>
		<wp:post_name><![CDATA[more-girl-candidates-to-choose-career-in-sports]]></wp:post_name>
		<wp:status><![CDATA[publish]]></wp:status>
		<wp:post_parent>0</wp:post_parent>
		<wp:menu_order>0</wp:menu_order>
		<wp:post_type><![CDATA[post]]></wp:post_type>
		<wp:post_password><![CDATA[]]></wp:post_password>
		<wp:is_sticky>0</wp:is_sticky>
		<category domain="post_tag" nicename="career"><![CDATA[career]]></category>
		<category domain="category" nicename="education"><![CDATA[Education]]></category>
		<category domain="post_tag" nicename="girls"><![CDATA[girls]]></category>
		<category domain="post_tag" nicename="sports"><![CDATA[sports]]></category>
		<wp:postmeta>
			<wp:meta_key><![CDATA[_edit_last]]></wp:meta_key>
			<wp:meta_value><![CDATA[1]]></wp:meta_value>
		</wp:postmeta>
		<wp:postmeta>
			<wp:meta_key><![CDATA[_thumbnail_id]]></wp:meta_key>
			<wp:meta_value><![CDATA[23]]></wp:meta_value>
		</wp:postmeta>
		<wp:postmeta>
			<wp:meta_key><![CDATA[bmrk_page_opts]]></wp:meta_key>
			<wp:meta_value><![CDATA[a:1:{s:12:"sb_placement";s:4:"none";}]]></wp:meta_value>
		</wp:postmeta>
		<wp:postmeta>
			<wp:meta_key><![CDATA[bmrk_post_options]]></wp:meta_key>
			<wp:meta_value><![CDATA[a:2:{s:8:"pf_video";s:0:"";s:12:"sb_placement";s:4:"none";}]]></wp:meta_value>
		</wp:postmeta>
	</item>
	<item>
		<title>Advanced diploma courses for high school in 2016</title>
		<link>http://labs.saurabh-sharma.net/themes/benchmark/2016/01/30/advanced-diploma-courses-for-high-school-in-2016/</link>
		<pubDate>Sat, 30 Jan 2016 08:52:21 +0000</pubDate>
		<dc:creator><![CDATA[admin]]></dc:creator>
		<guid isPermaLink="false">http://labs.saurabh-sharma.net/themes/benchmark/?p=36</guid>
		<description></description>
		<content:encoded><![CDATA[<h2 class="h3">A scarf not only protects you from winter harshness, but if knotted the right way, it can add a lot to your charm and personality. While there are many ways of wearing a scarf, we will cover the best 4 techniques of wearing a scarf.</h2>

Wanted to get myself a new cell phone so I could hear myself as a ringtone. Who knew the store would go and check my credit score? Now all they let me have is this dinosaur! Hello hello hello, can anybody hear me? I know I know I know, I should have gone to Free Credit Report dot com! Look for the Union Label when you are buying a coat, dress, or blouse. Remember, somewhere our union's sewing, our wages going to feed the kids, and run the house.

[ss_quote align="left"]If knotted the right way, scarfs can add more to your charm and personality.[/ss_quote]Whatever it is I think I see, becomes a Tootsie Roll to me! Tootsie Roll how I love your chocolaty chew, Tootsie Roll I think I'm in love with you. Whatever it is I think I see, becomes a Tootsie Roll to me!

Have you tried Wheaties? They’re whole wheat with all of the bran. Won’t you try Wheaties? For wheat is the best food of man. They’re crispy and crunchy the whole year through, The kiddies never tire of them and neither will you. So just try Wheaties, the best breakfast food in the land. My way, your way, one at a time, hot off the fire with anything on it! And don't it feel good when it's just how you want it? This is a Burger King town, it's made just for me! This is a Burger King town, we know how burgers should be.

There's something special about this place. Got no reason to stray too far, 'cause it's all right here in my own backyard! This is a Burger King town, it's made just for me! This is a Burger King town, we know how burgers should be! Right up the road, left at the sign.]]></content:encoded>
		<excerpt:encoded><![CDATA[]]></excerpt:encoded>
		<wp:post_id>36</wp:post_id>
		<wp:post_date><![CDATA[2016-01-30 08:52:21]]></wp:post_date>
		<wp:post_date_gmt><![CDATA[2016-01-30 08:52:21]]></wp:post_date_gmt>
		<wp:comment_status><![CDATA[open]]></wp:comment_status>
		<wp:ping_status><![CDATA[open]]></wp:ping_status>
		<wp:post_name><![CDATA[advanced-diploma-courses-for-high-school-in-2016]]></wp:post_name>
		<wp:status><![CDATA[publish]]></wp:status>
		<wp:post_parent>0</wp:post_parent>
		<wp:menu_order>0</wp:menu_order>
		<wp:post_type><![CDATA[post]]></wp:post_type>
		<wp:post_password><![CDATA[]]></wp:post_password>
		<wp:is_sticky>0</wp:is_sticky>
		<category domain="post_tag" nicename="courses"><![CDATA[courses]]></category>
		<category domain="post_tag" nicename="diploma"><![CDATA[diploma]]></category>
		<category domain="category" nicename="education"><![CDATA[Education]]></category>
		<category domain="post_tag" nicename="education"><![CDATA[education]]></category>
		<wp:postmeta>
			<wp:meta_key><![CDATA[_edit_last]]></wp:meta_key>
			<wp:meta_value><![CDATA[1]]></wp:meta_value>
		</wp:postmeta>
		<wp:postmeta>
			<wp:meta_key><![CDATA[_thumbnail_id]]></wp:meta_key>
			<wp:meta_value><![CDATA[24]]></wp:meta_value>
		</wp:postmeta>
		<wp:postmeta>
			<wp:meta_key><![CDATA[bmrk_page_opts]]></wp:meta_key>
			<wp:meta_value><![CDATA[a:1:{s:12:"sb_placement";s:6:"global";}]]></wp:meta_value>
		</wp:postmeta>
		<wp:postmeta>
			<wp:meta_key><![CDATA[bmrk_post_options]]></wp:meta_key>
			<wp:meta_value><![CDATA[a:2:{s:8:"pf_video";s:0:"";s:12:"sb_placement";s:6:"global";}]]></wp:meta_value>
		</wp:postmeta>
	</item>
	<item>
		<title>Youngest candidate to clear common entrance test &#039;15</title>
		<link>http://labs.saurabh-sharma.net/themes/benchmark/2016/01/30/youngest-candidate-to-clear-common-entrance-test-15/</link>
		<pubDate>Sat, 30 Jan 2016 08:54:22 +0000</pubDate>
		<dc:creator><![CDATA[admin]]></dc:creator>
		<guid isPermaLink="false">http://labs.saurabh-sharma.net/themes/benchmark/?p=38</guid>
		<description></description>
		<content:encoded><![CDATA[<h2 class="h3">This has been always a big question whether to choose aviator or wayfarer.  These two are too different in terms of design. While aviators have a wire frame, wayfarers are made of plastic.</h2>

Both are iconic, stylish and are available in various shades and colors. Making the world a better place, starts with one more smiling face. And Ronald's smile is just the thing, To make everybody sing! Put a smile on, put a smile on, everybody come on! Put a smile on. What you are about to see is real; the litigants on the screen are not actors. They are genuine citizens who, having filed their claims in a real small claims court.

[ss_quote align="left"]The world looks mighty good to me, cause Tootsie Rolls are all I see.[/ss_quote]Whatever it is I think I see, becomes a Tootsie Roll to me! Tootsie Roll how I love your chocolaty chew, Tootsie Roll I think I'm in love with you. Whatever it is I think I see, becomes a Tootsie Roll to me!

Have you tried Wheaties? They’re whole wheat with all of the bran. Won’t you try Wheaties? For wheat is the best food of man. They’re crispy and crunchy the whole year through, The kiddies never tire of them and neither will you. So just try Wheaties, the best breakfast food in the land. My way, your way, one at a time, hot off the fire with anything on it! And don't it feel good when it's just how you want it? This is a Burger King town, it's made just for me! This is a Burger King town, we know how burgers should be.

There's something special about this place. Got no reason to stray too far, 'cause it's all right here in my own backyard! This is a Burger King town, it's made just for me! This is a Burger King town, we know how burgers should be! Right up the road, left at the sign.]]></content:encoded>
		<excerpt:encoded><![CDATA[]]></excerpt:encoded>
		<wp:post_id>38</wp:post_id>
		<wp:post_date><![CDATA[2016-01-30 08:54:22]]></wp:post_date>
		<wp:post_date_gmt><![CDATA[2016-01-30 08:54:22]]></wp:post_date_gmt>
		<wp:comment_status><![CDATA[open]]></wp:comment_status>
		<wp:ping_status><![CDATA[open]]></wp:ping_status>
		<wp:post_name><![CDATA[youngest-candidate-to-clear-common-entrance-test-15]]></wp:post_name>
		<wp:status><![CDATA[publish]]></wp:status>
		<wp:post_parent>0</wp:post_parent>
		<wp:menu_order>0</wp:menu_order>
		<wp:post_type><![CDATA[post]]></wp:post_type>
		<wp:post_password><![CDATA[]]></wp:post_password>
		<wp:is_sticky>0</wp:is_sticky>
		<category domain="post_tag" nicename="candidate"><![CDATA[candidate]]></category>
		<category domain="post_tag" nicename="cat"><![CDATA[cat]]></category>
		<category domain="category" nicename="education"><![CDATA[Education]]></category>
		<category domain="post_tag" nicename="interview"><![CDATA[interview]]></category>
		<category domain="category" nicename="interviews"><![CDATA[Interviews]]></category>
		<category domain="post_tag" nicename="young"><![CDATA[young]]></category>
		<wp:postmeta>
			<wp:meta_key><![CDATA[_edit_last]]></wp:meta_key>
			<wp:meta_value><![CDATA[1]]></wp:meta_value>
		</wp:postmeta>
		<wp:postmeta>
			<wp:meta_key><![CDATA[_thumbnail_id]]></wp:meta_key>
			<wp:meta_value><![CDATA[25]]></wp:meta_value>
		</wp:postmeta>
		<wp:postmeta>
			<wp:meta_key><![CDATA[bmrk_page_opts]]></wp:meta_key>
			<wp:meta_value><![CDATA[a:1:{s:12:"sb_placement";s:6:"global";}]]></wp:meta_value>
		</wp:postmeta>
		<wp:postmeta>
			<wp:meta_key><![CDATA[bmrk_post_options]]></wp:meta_key>
			<wp:meta_value><![CDATA[a:2:{s:8:"pf_video";s:0:"";s:12:"sb_placement";s:6:"global";}]]></wp:meta_value>
		</wp:postmeta>
	</item>
	<item>
		<title>How campus environment affect development of a student</title>
		<link>http://labs.saurabh-sharma.net/themes/benchmark/2016/01/30/how-campus-environment-affect-development-of-a-student/</link>
		<pubDate>Sat, 30 Jan 2016 08:56:39 +0000</pubDate>
		<dc:creator><![CDATA[admin]]></dc:creator>
		<guid isPermaLink="false">http://labs.saurabh-sharma.net/themes/benchmark/?p=40</guid>
		<description></description>
		<content:encoded><![CDATA[<h2 class="h3">The beauty of wearing all black outfits is that it gives you freedom of playing with different textures without having to choose too busy outfit. Here is how to wear all black outfits without looking Gothic.</h2>

We had been sitting in this crouching manner for some time, when all at once I thought I would open my eyes; for when between sheets, whether by day or by night, and whether asleep or awake, I have a way of always keeping my eyes shut, in order the more to concentrate the snugness of being in bed. Because no man can ever feel his own identity aright except his eyes be closed; as if darkness were indeed the proper element of our essences.

[ss_quote align="left"]You can jazz up your black outfits by pairing it with right jewelry and accessories.[/ss_quote]How it is I know not; but there is no place like a bed for confidential disclosures between friends. Man and wife, they say, there open the very bottom of their souls to each other; and some old couples often lie and chat over old times till nearly morning.

We had lain thus in bed, chatting and napping at short intervals, and Queequeg now and then affectionately throwing his brown tattooed legs over mine, and then drawing them back; so entirely sociable and free and easy were we; when, at last, by reason of our confabulations, what little nappishness remained in us altogether departed, and we felt like getting up again, though day-break was yet some way down the future.

The more so, I say, because truly to enjoy bodily warmth, some small part of you must be cold, for there is no quality in this world that is not what it is merely by contrast. Nothing exists in itself. If you flatter yourself that you are all over comfortable, and have been so a long time, then you cannot be said to be comfortable any more.]]></content:encoded>
		<excerpt:encoded><![CDATA[]]></excerpt:encoded>
		<wp:post_id>40</wp:post_id>
		<wp:post_date><![CDATA[2016-01-30 08:56:39]]></wp:post_date>
		<wp:post_date_gmt><![CDATA[2016-01-30 08:56:39]]></wp:post_date_gmt>
		<wp:comment_status><![CDATA[open]]></wp:comment_status>
		<wp:ping_status><![CDATA[open]]></wp:ping_status>
		<wp:post_name><![CDATA[how-campus-environment-affect-development-of-a-student]]></wp:post_name>
		<wp:status><![CDATA[publish]]></wp:status>
		<wp:post_parent>0</wp:post_parent>
		<wp:menu_order>0</wp:menu_order>
		<wp:post_type><![CDATA[post]]></wp:post_type>
		<wp:post_password><![CDATA[]]></wp:post_password>
		<wp:is_sticky>0</wp:is_sticky>
		<category domain="category" nicename="campus"><![CDATA[Campus]]></category>
		<category domain="post_tag" nicename="campus"><![CDATA[campus]]></category>
		<category domain="post_tag" nicename="development"><![CDATA[development]]></category>
		<category domain="category" nicename="education"><![CDATA[Education]]></category>
		<category domain="post_tag" nicename="environment"><![CDATA[environment]]></category>
		<wp:postmeta>
			<wp:meta_key><![CDATA[_edit_last]]></wp:meta_key>
			<wp:meta_value><![CDATA[1]]></wp:meta_value>
		</wp:postmeta>
		<wp:postmeta>
			<wp:meta_key><![CDATA[_thumbnail_id]]></wp:meta_key>
			<wp:meta_value><![CDATA[26]]></wp:meta_value>
		</wp:postmeta>
		<wp:postmeta>
			<wp:meta_key><![CDATA[bmrk_page_opts]]></wp:meta_key>
			<wp:meta_value><![CDATA[a:1:{s:12:"sb_placement";s:6:"global";}]]></wp:meta_value>
		</wp:postmeta>
		<wp:postmeta>
			<wp:meta_key><![CDATA[bmrk_post_options]]></wp:meta_key>
			<wp:meta_value><![CDATA[a:2:{s:8:"pf_video";s:0:"";s:12:"sb_placement";s:6:"global";}]]></wp:meta_value>
		</wp:postmeta>
	</item>
	<item>
		<title>Best institutes of &#039;15 for diploma in computer languages</title>
		<link>http://labs.saurabh-sharma.net/themes/benchmark/2016/01/30/best-institutes-of-15-for-diploma-in-computer-languages/</link>
		<pubDate>Sat, 30 Jan 2016 08:58:58 +0000</pubDate>
		<dc:creator><![CDATA[admin]]></dc:creator>
		<guid isPermaLink="false">http://labs.saurabh-sharma.net/themes/benchmark/?p=42</guid>
		<description></description>
		<content:encoded><![CDATA[<h2 class="h3">This has been always a big question whether to choose aviator or wayfarer.  These two are too different in terms of design. While aviators have a wire frame, wayfarers are made of plastic.</h2>

Both are iconic, stylish and are available in various shades and colors. Making the world a better place, starts with one more smiling face. And Ronald's smile is just the thing, To make everybody sing! Put a smile on, put a smile on, everybody come on! Put a smile on. What you are about to see is real; the litigants on the screen are not actors. They are genuine citizens who, having filed their claims in a real small claims court.

[ss_quote align="left"]The world looks mighty good to me, cause Tootsie Rolls are all I see.[/ss_quote]Whatever it is I think I see, becomes a Tootsie Roll to me! Tootsie Roll how I love your chocolaty chew, Tootsie Roll I think I'm in love with you. Whatever it is I think I see, becomes a Tootsie Roll to me!

Have you tried Wheaties? They’re whole wheat with all of the bran. Won’t you try Wheaties? For wheat is the best food of man. They’re crispy and crunchy the whole year through, The kiddies never tire of them and neither will you. So just try Wheaties, the best breakfast food in the land. My way, your way, one at a time, hot off the fire with anything on it! And don't it feel good when it's just how you want it? This is a Burger King town, it's made just for me! This is a Burger King town, we know how burgers should be.

There's something special about this place. Got no reason to stray too far, 'cause it's all right here in my own backyard! This is a Burger King town, it's made just for me! This is a Burger King town, we know how burgers should be! Right up the road, left at the sign.]]></content:encoded>
		<excerpt:encoded><![CDATA[]]></excerpt:encoded>
		<wp:post_id>42</wp:post_id>
		<wp:post_date><![CDATA[2016-01-30 08:58:58]]></wp:post_date>
		<wp:post_date_gmt><![CDATA[2016-01-30 08:58:58]]></wp:post_date_gmt>
		<wp:comment_status><![CDATA[open]]></wp:comment_status>
		<wp:ping_status><![CDATA[open]]></wp:ping_status>
		<wp:post_name><![CDATA[best-institutes-of-15-for-diploma-in-computer-languages]]></wp:post_name>
		<wp:status><![CDATA[publish]]></wp:status>
		<wp:post_parent>0</wp:post_parent>
		<wp:menu_order>0</wp:menu_order>
		<wp:post_type><![CDATA[post]]></wp:post_type>
		<wp:post_password><![CDATA[]]></wp:post_password>
		<wp:is_sticky>0</wp:is_sticky>
		<category domain="post_tag" nicename="computer"><![CDATA[computer]]></category>
		<category domain="post_tag" nicename="diploma"><![CDATA[diploma]]></category>
		<category domain="category" nicename="education"><![CDATA[Education]]></category>
		<category domain="post_tag" nicename="institute"><![CDATA[institute]]></category>
		<category domain="post_tag" nicename="languages"><![CDATA[languages]]></category>
		<wp:postmeta>
			<wp:meta_key><![CDATA[_edit_last]]></wp:meta_key>
			<wp:meta_value><![CDATA[1]]></wp:meta_value>
		</wp:postmeta>
		<wp:postmeta>
			<wp:meta_key><![CDATA[_thumbnail_id]]></wp:meta_key>
			<wp:meta_value><![CDATA[27]]></wp:meta_value>
		</wp:postmeta>
		<wp:postmeta>
			<wp:meta_key><![CDATA[bmrk_page_opts]]></wp:meta_key>
			<wp:meta_value><![CDATA[a:1:{s:12:"sb_placement";s:6:"global";}]]></wp:meta_value>
		</wp:postmeta>
		<wp:postmeta>
			<wp:meta_key><![CDATA[bmrk_post_options]]></wp:meta_key>
			<wp:meta_value><![CDATA[a:2:{s:8:"pf_video";s:0:"";s:12:"sb_placement";s:6:"global";}]]></wp:meta_value>
		</wp:postmeta>
	</item>
	<item>
		<title>Advanced diploma in library management for graduates</title>
		<link>http://labs.saurabh-sharma.net/themes/benchmark/2016/01/30/advanced-diploma-in-library-management-for-graduates/</link>
		<pubDate>Sat, 30 Jan 2016 08:59:59 +0000</pubDate>
		<dc:creator><![CDATA[admin]]></dc:creator>
		<guid isPermaLink="false">http://labs.saurabh-sharma.net/themes/benchmark/?p=44</guid>
		<description></description>
		<content:encoded><![CDATA[<h2 class="h3">The beauty of wearing all black outfits is that it gives you freedom of playing with different textures without having to choose too busy outfit. Here is how to wear all black outfits without looking Gothic.</h2>

We had been sitting in this crouching manner for some time, when all at once I thought I would open my eyes; for when between sheets, whether by day or by night, and whether asleep or awake, I have a way of always keeping my eyes shut, in order the more to concentrate the snugness of being in bed. Because no man can ever feel his own identity aright except his eyes be closed; as if darkness were indeed the proper element of our essences.

[ss_quote align="left"]You can jazz up your black outfits by pairing it with right jewelry and accessories.[/ss_quote]How it is I know not; but there is no place like a bed for confidential disclosures between friends. Man and wife, they say, there open the very bottom of their souls to each other; and some old couples often lie and chat over old times till nearly morning.

We had lain thus in bed, chatting and napping at short intervals, and Queequeg now and then affectionately throwing his brown tattooed legs over mine, and then drawing them back; so entirely sociable and free and easy were we; when, at last, by reason of our confabulations, what little nappishness remained in us altogether departed, and we felt like getting up again, though day-break was yet some way down the future.

The more so, I say, because truly to enjoy bodily warmth, some small part of you must be cold, for there is no quality in this world that is not what it is merely by contrast. Nothing exists in itself. If you flatter yourself that you are all over comfortable, and have been so a long time, then you cannot be said to be comfortable any more.]]></content:encoded>
		<excerpt:encoded><![CDATA[]]></excerpt:encoded>
		<wp:post_id>44</wp:post_id>
		<wp:post_date><![CDATA[2016-01-30 08:59:59]]></wp:post_date>
		<wp:post_date_gmt><![CDATA[2016-01-30 08:59:59]]></wp:post_date_gmt>
		<wp:comment_status><![CDATA[open]]></wp:comment_status>
		<wp:ping_status><![CDATA[open]]></wp:ping_status>
		<wp:post_name><![CDATA[advanced-diploma-in-library-management-for-graduates]]></wp:post_name>
		<wp:status><![CDATA[publish]]></wp:status>
		<wp:post_parent>0</wp:post_parent>
		<wp:menu_order>0</wp:menu_order>
		<wp:post_type><![CDATA[post]]></wp:post_type>
		<wp:post_password><![CDATA[]]></wp:post_password>
		<wp:is_sticky>0</wp:is_sticky>
		<category domain="post_tag" nicename="courses"><![CDATA[courses]]></category>
		<category domain="post_tag" nicename="diploma"><![CDATA[diploma]]></category>
		<category domain="category" nicename="education"><![CDATA[Education]]></category>
		<category domain="post_tag" nicename="library"><![CDATA[library]]></category>
		<wp:postmeta>
			<wp:meta_key><![CDATA[_edit_last]]></wp:meta_key>
			<wp:meta_value><![CDATA[1]]></wp:meta_value>
		</wp:postmeta>
		<wp:postmeta>
			<wp:meta_key><![CDATA[_thumbnail_id]]></wp:meta_key>
			<wp:meta_value><![CDATA[28]]></wp:meta_value>
		</wp:postmeta>
		<wp:postmeta>
			<wp:meta_key><![CDATA[bmrk_page_opts]]></wp:meta_key>
			<wp:meta_value><![CDATA[a:1:{s:12:"sb_placement";s:6:"global";}]]></wp:meta_value>
		</wp:postmeta>
		<wp:postmeta>
			<wp:meta_key><![CDATA[bmrk_post_options]]></wp:meta_key>
			<wp:meta_value><![CDATA[a:2:{s:8:"pf_video";s:0:"";s:12:"sb_placement";s:6:"global";}]]></wp:meta_value>
		</wp:postmeta>
	</item>
	<item>
		<title>UC Berkeley: Uptown Funk - Mark Ronson feat. Bruno Mars</title>
		<link>http://labs.saurabh-sharma.net/themes/benchmark/2016/01/30/uc-berkeley-uptown-funk-mark-ronson-feat-bruno-mars/</link>
		<pubDate>Sat, 30 Jan 2016 09:21:16 +0000</pubDate>
		<dc:creator><![CDATA[admin]]></dc:creator>
		<guid isPermaLink="false">http://labs.saurabh-sharma.net/themes/benchmark/?p=46</guid>
		<description></description>
		<content:encoded><![CDATA[<h2 class="h3">This has been always a big question whether to choose aviator or wayfarer.  These two are too different in terms of design. While aviators have a wire frame, wayfarers are made of plastic.</h2>

Both are iconic, stylish and are available in various shades and colors. Making the world a better place, starts with one more smiling face. And Ronald's smile is just the thing, To make everybody sing! Put a smile on, put a smile on, everybody come on! Put a smile on. What you are about to see is real; the litigants on the screen are not actors. They are genuine citizens who, having filed their claims in a real small claims court.

[ss_quote align="left"]The world looks mighty good to me, cause Tootsie Rolls are all I see.[/ss_quote]Whatever it is I think I see, becomes a Tootsie Roll to me! Tootsie Roll how I love your chocolaty chew, Tootsie Roll I think I'm in love with you. Whatever it is I think I see, becomes a Tootsie Roll to me!

Have you tried Wheaties? They’re whole wheat with all of the bran. Won’t you try Wheaties? For wheat is the best food of man. They’re crispy and crunchy the whole year through, The kiddies never tire of them and neither will you. So just try Wheaties, the best breakfast food in the land. My way, your way, one at a time, hot off the fire with anything on it! And don't it feel good when it's just how you want it? This is a Burger King town, it's made just for me! This is a Burger King town, we know how burgers should be.

There's something special about this place. Got no reason to stray too far, 'cause it's all right here in my own backyard! This is a Burger King town, it's made just for me! This is a Burger King town, we know how burgers should be! Right up the road, left at the sign.]]></content:encoded>
		<excerpt:encoded><![CDATA[]]></excerpt:encoded>
		<wp:post_id>46</wp:post_id>
		<wp:post_date><![CDATA[2016-01-30 09:21:16]]></wp:post_date>
		<wp:post_date_gmt><![CDATA[2016-01-30 09:21:16]]></wp:post_date_gmt>
		<wp:comment_status><![CDATA[open]]></wp:comment_status>
		<wp:ping_status><![CDATA[open]]></wp:ping_status>
		<wp:post_name><![CDATA[uc-berkeley-uptown-funk-mark-ronson-feat-bruno-mars]]></wp:post_name>
		<wp:status><![CDATA[publish]]></wp:status>
		<wp:post_parent>0</wp:post_parent>
		<wp:menu_order>0</wp:menu_order>
		<wp:post_type><![CDATA[post]]></wp:post_type>
		<wp:post_password><![CDATA[]]></wp:post_password>
		<wp:is_sticky>0</wp:is_sticky>
		<category domain="post_tag" nicename="berkeley"><![CDATA[berkeley]]></category>
		<category domain="category" nicename="campus"><![CDATA[Campus]]></category>
		<category domain="post_tag" nicename="campus"><![CDATA[campus]]></category>
		<category domain="category" nicename="education"><![CDATA[Education]]></category>
		<category domain="post_format" nicename="post-format-video"><![CDATA[Video]]></category>
		<category domain="post_tag" nicename="tour"><![CDATA[tour]]></category>
		<category domain="post_tag" nicename="university"><![CDATA[university]]></category>
		<wp:postmeta>
			<wp:meta_key><![CDATA[_edit_last]]></wp:meta_key>
			<wp:meta_value><![CDATA[1]]></wp:meta_value>
		</wp:postmeta>
		<wp:postmeta>
			<wp:meta_key><![CDATA[_thumbnail_id]]></wp:meta_key>
			<wp:meta_value><![CDATA[47]]></wp:meta_value>
		</wp:postmeta>
		<wp:postmeta>
			<wp:meta_key><![CDATA[_oembed_0c482f371a7a490b7021314e4e9102f9]]></wp:meta_key>
			<wp:meta_value><![CDATA[<iframe width="660" height="371" src="https://www.youtube.com/embed/hsi7EqrBUCo?feature=oembed" frameborder="0" allowfullscreen></iframe>]]></wp:meta_value>
		</wp:postmeta>
		<wp:postmeta>
			<wp:meta_key><![CDATA[bmrk_page_opts]]></wp:meta_key>
			<wp:meta_value><![CDATA[a:1:{s:12:"sb_placement";s:6:"global";}]]></wp:meta_value>
		</wp:postmeta>
		<wp:postmeta>
			<wp:meta_key><![CDATA[bmrk_post_options]]></wp:meta_key>
			<wp:meta_value><![CDATA[a:2:{s:8:"pf_video";s:43:"https://www.youtube.com/watch?v=hsi7EqrBUCo";s:12:"sb_placement";s:6:"global";}]]></wp:meta_value>
		</wp:postmeta>
		<wp:postmeta>
			<wp:meta_key><![CDATA[_oembed_time_0c482f371a7a490b7021314e4e9102f9]]></wp:meta_key>
			<wp:meta_value><![CDATA[1454145682]]></wp:meta_value>
		</wp:postmeta>
	</item>
</channel>
</rss>
