{"layout-style":"stretched","layout-width":940,"color-scheme":"default","sb-pos":"right","custom-head-code":"","crumbs-check":true,"resp-mode":true,"social-meta-check":{"posts":"1","pages":"0"},"top-bar-check":true,"cb-text-left":"<ul class=\"icon-list-horz\">\r\n<li><i class=\"mdi mdi-mail\"><\/i>contact@yoursite.com<\/li>\r\n<li><i class=\"mdi mdi-call\"><\/i>1800 180 29890<\/li>\r\n<\/ul>","callout-right":"links","cb-text-right":"Optional callout text.","cb-right-links":{"1":"1","2":"1","3":"0","4":"0"},"logo-check":"image","logo-url":{"url":"http:\/\/labs.saurabh-sharma.net\/themes\/benchmark\/wp-content\/themes\/benchmark\/images\/logo.png"},"logo-2x-url":{"url":"http:\/\/labs.saurabh-sharma.net\/themes\/benchmark\/wp-content\/themes\/benchmark\/images\/logo@2x.png"},"logo-dark-url":{"url":"http:\/\/labs.saurabh-sharma.net\/themes\/benchmark\/wp-content\/themes\/benchmark\/images\/logo_dark@2x.png"},"logo-custom-url":"","logo-custom-url-dark":"","site-title":"<span>BENCH<\/span>MARK","navbar-type":"fixed","woo-cart-widget":0,"wishlist-count":0,"search-form":1,"search-form-type":"normal","hero-check-pages":true,"responsive-menu":"","archive-style":"grid","grid-columns":"2","classic-content-check":"excerpt","excerpt-length-grid":"15","excerpt-length-list":"55","excerpt-length-classic":"55","masonry-check":1,"meta-links":{"date":"1","author":"1","cats":"1","tags":"1","comments":"1","edit":"1"},"archive-meta-check":1,"meta-links-grid":{"date":"1","cats":"1","author":"0"},"meta-links-list":{"date":"1","author":"0","cats":"1","comments":"1","morelink":"1"},"meta-links-port":{"date":"1","author":"0","cats":"0","comments":"0","morelink":"1"},"hero-check-archives":true,"archive-sb-check":true,"archive-video-check":false,"single-sb-check":true,"restrict-single-width":true,"author-check":1,"feat-image-check":1,"rp-check":1,"rp-taxonomy":"0","rp-style":"thumbnail","rp-num":"2","single-meta-check":1,"single-nav-check":1,"sharing-check":1,"sharing-buttons":{"1":"1","2":"1","3":"1","4":"1","5":"1","6":"1","7":"1","8":"1","9":"1"},"pwa-check":false,"pwa-columns":"3","cwa-a-check":false,"cwa-a-columns":"1","cwa-b-check":false,"cwa-b-columns":"1","swa-a-check":true,"sec-a-columns":"4","swa-b-check":false,"sec-b-columns":"4","footer-text":"&copy 2016 Benchmark. All rights reserved.","grid-images":{"width":"640","height":"360"},"grid-misc":{"1":"1","2":"1"},"list-images":{"width":"640","height":"640"},"list-misc":{"1":"1","2":"1"},"classic-images":{"width":"800","height":"450"},"classic-misc":{"1":"1","2":"1"},"port-images":{"width":"480","height":""},"port-misc":{"1":"0","2":"0"},"single-images":{"width":"800","height":""},"single-misc":{"1":"0","2":"0"},"related-images":{"width":"640","height":"360"},"related-misc":{"1":"1","2":"1"},"shop-columns":"3","catalog-images":{"width":"400","height":"400"},"catalog-misc":{"1":"1","2":"1"},"shop-cat-images":{"width":"400","height":"400"},"shop-cat-misc":{"1":"1","2":"1"},"single-product-images":{"width":"600","height":""},"single-product-misc":{"1":"0","2":"0"},"shop-sb-pos":"left","product-sb-pos":"left","woo-sb-check":{"shop":"0","single":"0"},"restrict-single-prod-width":true,"woo-sharing-check":1,"woo-sharing-buttons":{"1":"1","2":"1","3":"0","4":"0","5":"0","6":"0","7":"1","8":"1","9":"0"},"body-fonts":{"font-weight":"400","font-family":"Roboto","google":false,"font-size":"14px","line-height":"24px"},"heading-fonts":{"font-weight":"400","font-family":"Roboto","google":false},"divider-1":"","redux_options_object":"","redux_import_export":"","redux-backup":"1"}